text,label
Build quality feels average and not very premium. but customer support was helpful.,quality
"After regular use, small issues started appearing. though pricing felt reasonable. Overall, it was an average experience.",quality
"Outer box appeared a bit damaged. though pricing felt reasonable. Overall, it was an average experience.",packaging
"Outer box appeared a bit damaged. but I expected a better experience. Overall, it was an average experience.",packaging
"It works fine but has minor functional problems. Overall, it was an average experience.",quality
"Communication from customer care lacked clarity. but customer support was helpful. Overall, it was an average experience.",support
"The item reached me later than expected. Overall, it was an average experience.",delivery
"The item reached me later than expected. Overall, it was an average experience.",delivery
"Price seems high compared to similar options. Overall, it was an average experience.",pricing
"Value for money is somewhat debatable. but customer support was helpful. Overall, it was an average experience.",pricing
"I received it a few days after the promised date. Overall, it was an average experience.",delivery
"Outer box appeared a bit damaged. although delivery was smooth. Overall, it was an average experience.",packaging
"Communication from customer care lacked clarity. despite overall acceptable quality. Overall, it was an average experience.",support
Customer support response was somewhat slow. even though the packaging was fine.,support
"Packaging quality could be improved. although delivery was smooth. Overall, it was an average experience.",packaging
Value for money is somewhat debatable. despite overall acceptable quality.,delivery
The item reached me later than expected.,delivery
"The issue was addressed but not efficiently. Overall, it was an average experience.",support
"Delivery updates were not very clear. despite overall acceptable quality. Overall, it was an average experience.",delivery
"It took longer than usual to arrive. but I expected a better experience. Overall, it was an average experience.",delivery
"It works fine but has minor functional problems. Overall, it was an average experience.",quality
"Customer support response was somewhat slow. though pricing felt reasonable. Overall, it was an average experience.",support
It took longer than usual to arrive. but I expected a better experience.,packaging
"Considering the cost, expectations were higher. despite overall acceptable quality.",pricing
"Price seems high compared to similar options. Overall, it was an average experience.",pricing
Durability seems slightly questionable.,quality
It is not entirely worth the amount paid. but I expected a better experience.,delivery
"The issue was addressed but not efficiently. despite overall acceptable quality. Overall, it was an average experience.",support
Protective wrapping was average.,packaging
"Packaging quality could be improved. Overall, it was an average experience.",packaging
"Considering the cost, expectations were higher. even though the packaging was fine.",support
"The item reached me later than expected. Overall, it was an average experience.",delivery
Seal condition was not perfect.,packaging
"It works fine but has minor functional problems. Overall, it was an average experience.",quality
"Considering the cost, expectations were higher. but customer support was helpful.",pricing
"Value for money is somewhat debatable. even though the packaging was fine. Overall, it was an average experience.",pricing
Build quality feels average and not very premium. but I expected a better experience.,quality
"The packaging looked slightly worn on arrival. Overall, it was an average experience.",packaging
It is not entirely worth the amount paid. but customer support was helpful.,pricing
The issue was addressed but not efficiently.,support
"Outer box appeared a bit damaged. despite overall acceptable quality. Overall, it was an average experience.",packaging
"The item reached me later than expected. but I expected a better experience. Overall, it was an average experience.",delivery
The pricing structure could be more competitive. although delivery was smooth.,pricing
"Price seems high compared to similar options. although delivery was smooth. Overall, it was an average experience.",pricing
I received it a few days after the promised date.,delivery
Seal condition was not perfect.,packaging
"It works fine but has minor functional problems. though pricing felt reasonable. Overall, it was an average experience.",quality
Build quality feels average and not very premium. even though the packaging was fine.,quality
"Customer support response was somewhat slow. but I expected a better experience. Overall, it was an average experience.",support
"After regular use, small issues started appearing.",quality
"Considering the cost, expectations were higher. Overall, it was an average experience.",pricing
Durability seems slightly questionable. despite overall acceptable quality.,quality
"Durability seems slightly questionable. Overall, it was an average experience.",quality
"I had to follow up multiple times for resolution. although delivery was smooth. Overall, it was an average experience.",support
Overall quality did not fully meet expectations. though pricing felt reasonable.,support
Overall quality did not fully meet expectations. but I expected a better experience.,quality
"After regular use, small issues started appearing. though pricing felt reasonable.",quality
"Protective wrapping was average. but customer support was helpful. Overall, it was an average experience.",packaging
"Durability seems slightly questionable. although delivery was smooth. Overall, it was an average experience.",quality
"I received it a few days after the promised date. Overall, it was an average experience.",packaging
The product feels slightly expensive for what it offers. but I expected a better experience.,pricing
"Overall quality did not fully meet expectations. although delivery was smooth. Overall, it was an average experience.",quality
Delivery updates were not very clear. although delivery was smooth.,delivery
"After regular use, small issues started appearing. though pricing felt reasonable. Overall, it was an average experience.",quality
"It took longer than usual to arrive. although delivery was smooth. Overall, it was an average experience.",delivery
"Durability seems slightly questionable. despite overall acceptable quality. Overall, it was an average experience.",quality
"Overall quality did not fully meet expectations. but customer support was helpful. Overall, it was an average experience.",packaging
Build quality feels average and not very premium. but customer support was helpful.,quality
Build quality feels average and not very premium.,quality
Overall quality did not fully meet expectations. despite overall acceptable quality.,quality
The product performance was not consistent over time. despite overall acceptable quality.,quality
The product performance was not consistent over time. but I expected a better experience.,quality
It took longer than usual to arrive. despite overall acceptable quality.,delivery
"Communication from customer care lacked clarity. but customer support was helpful. Overall, it was an average experience.",quality
"Seal condition was not perfect. even though the packaging was fine. Overall, it was an average experience.",packaging
Build quality feels average and not very premium.,quality
"Box had minor dents but product was intact. even though the packaging was fine. Overall, it was an average experience.",pricing
Outer box appeared a bit damaged. but I expected a better experience.,packaging
Durability seems slightly questionable. even though the packaging was fine.,quality
Overall quality did not fully meet expectations. but I expected a better experience.,pricing
"The item reached me later than expected. although delivery was smooth. Overall, it was an average experience.",packaging
The pricing structure could be more competitive.,pricing
"Considering the cost, expectations were higher. but customer support was helpful. Overall, it was an average experience.",pricing
The product performance was not consistent over time. despite overall acceptable quality.,quality
Service response time could be improved. though pricing felt reasonable.,support
"The product performance was not consistent over time. even though the packaging was fine. Overall, it was an average experience.",quality
"The item reached me later than expected. although delivery was smooth. Overall, it was an average experience.",packaging
Durability seems slightly questionable. even though the packaging was fine.,support
"Durability seems slightly questionable. despite overall acceptable quality. Overall, it was an average experience.",delivery
The item reached me later than expected. but I expected a better experience.,delivery
"Build quality feels average and not very premium. although delivery was smooth. Overall, it was an average experience.",quality
"Delivery updates were not very clear. but I expected a better experience. Overall, it was an average experience.",pricing
"There was a delay in shipping. Overall, it was an average experience.",delivery
"Box had minor dents but product was intact. but I expected a better experience. Overall, it was an average experience.",packaging
Packaging quality could be improved.,packaging
The item reached me later than expected.,delivery
"The issue was addressed but not efficiently. although delivery was smooth. Overall, it was an average experience.",support
"There was a delay in shipping. despite overall acceptable quality. Overall, it was an average experience.",delivery
"Protective wrapping was average. but I expected a better experience. Overall, it was an average experience.",packaging
"Overall quality did not fully meet expectations. Overall, it was an average experience.",quality
"I received it a few days after the promised date. although delivery was smooth. Overall, it was an average experience.",delivery
"Service response time could be improved. despite overall acceptable quality. Overall, it was an average experience.",support
It works fine but has minor functional problems.,quality
The product feels slightly expensive for what it offers. despite overall acceptable quality.,pricing
"It took longer than usual to arrive. although delivery was smooth. Overall, it was an average experience.",delivery
"Communication from customer care lacked clarity. Overall, it was an average experience.",support
It is not entirely worth the amount paid. despite overall acceptable quality.,pricing
"It took longer than usual to arrive. even though the packaging was fine. Overall, it was an average experience.",delivery
Communication from customer care lacked clarity.,support
Service response time could be improved. though pricing felt reasonable.,delivery
"Delivery updates were not very clear. Overall, it was an average experience.",packaging
"The product feels slightly expensive for what it offers. even though the packaging was fine. Overall, it was an average experience.",pricing
"Communication from customer care lacked clarity. but I expected a better experience. Overall, it was an average experience.",support
The packaging looked slightly worn on arrival.,packaging
The item reached me later than expected. although delivery was smooth.,delivery
"It works fine but has minor functional problems. even though the packaging was fine. Overall, it was an average experience.",quality
Delivery updates were not very clear.,delivery
"Protective wrapping was average. Overall, it was an average experience.",packaging
"It took longer than usual to arrive. but customer support was helpful. Overall, it was an average experience.",delivery
"After regular use, small issues started appearing. but I expected a better experience. Overall, it was an average experience.",quality
"The packaging looked slightly worn on arrival. despite overall acceptable quality. Overall, it was an average experience.",packaging
"Overall quality did not fully meet expectations. but customer support was helpful. Overall, it was an average experience.",quality
Overall quality did not fully meet expectations. even though the packaging was fine.,quality
The item reached me later than expected. but customer support was helpful.,delivery
"Communication from customer care lacked clarity. Overall, it was an average experience.",support
There was a delay in shipping. although delivery was smooth.,delivery
Customer support response was somewhat slow. though pricing felt reasonable.,support
The product feels slightly expensive for what it offers.,pricing
The product feels slightly expensive for what it offers. but I expected a better experience.,pricing
"Overall quality did not fully meet expectations. Overall, it was an average experience.",quality
Value for money is somewhat debatable. despite overall acceptable quality.,pricing
"I received it a few days after the promised date. although delivery was smooth. Overall, it was an average experience.",delivery
Packaging quality could be improved. but customer support was helpful.,packaging
"Considering the cost, expectations were higher. but customer support was helpful. Overall, it was an average experience.",pricing
Seal condition was not perfect. but I expected a better experience.,packaging
The issue was addressed but not efficiently. but customer support was helpful.,support
"Communication from customer care lacked clarity. even though the packaging was fine. Overall, it was an average experience.",support
It took longer than usual to arrive. despite overall acceptable quality.,delivery
"Price seems high compared to similar options. Overall, it was an average experience.",support
Delivery updates were not very clear. although delivery was smooth.,delivery
Communication from customer care lacked clarity. although delivery was smooth.,support
"After regular use, small issues started appearing. Overall, it was an average experience.",quality
Overall quality did not fully meet expectations.,quality
Price seems high compared to similar options.,pricing
The support team provided partial assistance. even though the packaging was fine.,quality
The support team provided partial assistance. but customer support was helpful.,support
"Seal condition was not perfect. even though the packaging was fine. Overall, it was an average experience.",packaging
"The product performance was not consistent over time. though pricing felt reasonable. Overall, it was an average experience.",quality
"Price seems high compared to similar options. but customer support was helpful. Overall, it was an average experience.",packaging
Value for money is somewhat debatable. even though the packaging was fine.,pricing
It took longer than usual to arrive. although delivery was smooth.,packaging
Communication from customer care lacked clarity. though pricing felt reasonable.,support
It took longer than usual to arrive. though pricing felt reasonable.,delivery
"Outer box appeared a bit damaged. Overall, it was an average experience.",packaging
"I had to follow up multiple times for resolution. but customer support was helpful. Overall, it was an average experience.",support
"Outer box appeared a bit damaged. although delivery was smooth. Overall, it was an average experience.",delivery
"Overall quality did not fully meet expectations. Overall, it was an average experience.",quality
"Communication from customer care lacked clarity. but I expected a better experience. Overall, it was an average experience.",support
"I had to follow up multiple times for resolution. Overall, it was an average experience.",support
"Protective wrapping was average. Overall, it was an average experience.",packaging
Service response time could be improved.,support
"Considering the cost, expectations were higher. but I expected a better experience.",pricing
I had to follow up multiple times for resolution. but customer support was helpful.,support
"I had to follow up multiple times for resolution. even though the packaging was fine. Overall, it was an average experience.",support
"After regular use, small issues started appearing. although delivery was smooth. Overall, it was an average experience.",quality
"After regular use, small issues started appearing. but I expected a better experience. Overall, it was an average experience.",quality
"I received it a few days after the promised date. although delivery was smooth. Overall, it was an average experience.",support
"The pricing structure could be more competitive. Overall, it was an average experience.",pricing
Packaging quality could be improved. though pricing felt reasonable.,packaging
"The product feels slightly expensive for what it offers. Overall, it was an average experience.",quality
There was a delay in shipping. though pricing felt reasonable.,delivery
The pricing structure could be more competitive. despite overall acceptable quality.,pricing
"The courier handling felt average. Overall, it was an average experience.",delivery
Durability seems slightly questionable.,quality
The support team provided partial assistance. even though the packaging was fine.,support
"I received it a few days after the promised date. Overall, it was an average experience.",delivery
"I had to follow up multiple times for resolution. Overall, it was an average experience.",support
The packaging looked slightly worn on arrival. but customer support was helpful.,packaging
It took longer than usual to arrive.,delivery
It took longer than usual to arrive. although delivery was smooth.,delivery
The product feels slightly expensive for what it offers.,pricing
"Durability seems slightly questionable. though pricing felt reasonable. Overall, it was an average experience.",delivery
"The item reached me later than expected. despite overall acceptable quality. Overall, it was an average experience.",delivery
"The product performance was not consistent over time. but customer support was helpful. Overall, it was an average experience.",quality
"The issue was addressed but not efficiently. but I expected a better experience. Overall, it was an average experience.",support
"Outer box appeared a bit damaged. even though the packaging was fine. Overall, it was an average experience.",packaging
"Service response time could be improved. but I expected a better experience. Overall, it was an average experience.",support
It works fine but has minor functional problems. even though the packaging was fine.,quality
"It took longer than usual to arrive. although delivery was smooth. Overall, it was an average experience.",delivery
Value for money is somewhat debatable. though pricing felt reasonable.,pricing
It took longer than usual to arrive. although delivery was smooth.,delivery
Customer support response was somewhat slow. even though the packaging was fine.,support
"Price seems high compared to similar options. but customer support was helpful. Overall, it was an average experience.",pricing
"Durability seems slightly questionable. but customer support was helpful. Overall, it was an average experience.",quality
Box had minor dents but product was intact. even though the packaging was fine.,packaging
Build quality feels average and not very premium. even though the packaging was fine.,quality
The product performance was not consistent over time. even though the packaging was fine.,quality
I received it a few days after the promised date. though pricing felt reasonable.,delivery
"The support team provided partial assistance. despite overall acceptable quality. Overall, it was an average experience.",support
I received it a few days after the promised date.,delivery
Customer support response was somewhat slow.,support
The item reached me later than expected. even though the packaging was fine.,delivery
"Delivery updates were not very clear. Overall, it was an average experience.",delivery
"Communication from customer care lacked clarity. Overall, it was an average experience.",support
The item reached me later than expected. but I expected a better experience.,delivery
The issue was addressed but not efficiently.,support
"It took longer than usual to arrive. even though the packaging was fine. Overall, it was an average experience.",delivery
Communication from customer care lacked clarity. although delivery was smooth.,support
"The pricing structure could be more competitive. Overall, it was an average experience.",pricing
The item reached me later than expected. despite overall acceptable quality.,delivery
"Box had minor dents but product was intact. though pricing felt reasonable. Overall, it was an average experience.",packaging
"It works fine but has minor functional problems. despite overall acceptable quality. Overall, it was an average experience.",quality
Customer support response was somewhat slow. even though the packaging was fine.,support
"After regular use, small issues started appearing. but I expected a better experience.",quality
The support team provided partial assistance. but I expected a better experience.,support
Packaging quality could be improved. but customer support was helpful.,packaging
Build quality feels average and not very premium.,quality
The item reached me later than expected. despite overall acceptable quality.,delivery
"The packaging looked slightly worn on arrival. despite overall acceptable quality. Overall, it was an average experience.",packaging
Build quality feels average and not very premium. but customer support was helpful.,quality
"There was a delay in shipping. but I expected a better experience. Overall, it was an average experience.",delivery
The pricing structure could be more competitive.,pricing
The support team provided partial assistance.,support
"It is not entirely worth the amount paid. but I expected a better experience. Overall, it was an average experience.",pricing
"Value for money is somewhat debatable. despite overall acceptable quality. Overall, it was an average experience.",pricing
Durability seems slightly questionable. but customer support was helpful.,quality
"Durability seems slightly questionable. although delivery was smooth. Overall, it was an average experience.",quality
"The product feels slightly expensive for what it offers. although delivery was smooth. Overall, it was an average experience.",quality
"The courier handling felt average. even though the packaging was fine. Overall, it was an average experience.",delivery
"The courier handling felt average. though pricing felt reasonable. Overall, it was an average experience.",delivery
The item reached me later than expected. despite overall acceptable quality.,delivery
Seal condition was not perfect.,packaging
The packaging looked slightly worn on arrival. even though the packaging was fine.,packaging
"After regular use, small issues started appearing. despite overall acceptable quality. Overall, it was an average experience.",quality
The item reached me later than expected.,pricing
"I received it a few days after the promised date. though pricing felt reasonable. Overall, it was an average experience.",delivery
"The pricing structure could be more competitive. but customer support was helpful. Overall, it was an average experience.",pricing
"The pricing structure could be more competitive. although delivery was smooth. Overall, it was an average experience.",pricing
"The pricing structure could be more competitive. even though the packaging was fine. Overall, it was an average experience.",pricing
There was a delay in shipping. although delivery was smooth.,delivery
"It took longer than usual to arrive. but I expected a better experience. Overall, it was an average experience.",delivery
"The packaging looked slightly worn on arrival. but customer support was helpful. Overall, it was an average experience.",packaging
"Overall quality did not fully meet expectations. but customer support was helpful. Overall, it was an average experience.",quality
"Customer support response was somewhat slow. though pricing felt reasonable. Overall, it was an average experience.",support
"It took longer than usual to arrive. even though the packaging was fine. Overall, it was an average experience.",delivery
"I received it a few days after the promised date. Overall, it was an average experience.",delivery
"There was a delay in shipping. but customer support was helpful. Overall, it was an average experience.",delivery
I received it a few days after the promised date.,delivery
"The product performance was not consistent over time. but customer support was helpful. Overall, it was an average experience.",quality
Protective wrapping was average. though pricing felt reasonable.,packaging
"Seal condition was not perfect. but I expected a better experience. Overall, it was an average experience.",packaging
"Overall quality did not fully meet expectations. even though the packaging was fine. Overall, it was an average experience.",quality
The item reached me later than expected.,delivery
The packaging looked slightly worn on arrival. but I expected a better experience.,packaging
"I had to follow up multiple times for resolution. even though the packaging was fine. Overall, it was an average experience.",support
The support team provided partial assistance. even though the packaging was fine.,delivery
"The pricing structure could be more competitive. although delivery was smooth. Overall, it was an average experience.",pricing
The support team provided partial assistance. though pricing felt reasonable.,support
It works fine but has minor functional problems. although delivery was smooth.,quality
"The support team provided partial assistance. but I expected a better experience. Overall, it was an average experience.",support
Communication from customer care lacked clarity. although delivery was smooth.,support
The packaging looked slightly worn on arrival.,packaging
"I received it a few days after the promised date. although delivery was smooth. Overall, it was an average experience.",delivery
"Overall quality did not fully meet expectations. but I expected a better experience. Overall, it was an average experience.",quality
Overall quality did not fully meet expectations. though pricing felt reasonable.,quality
Price seems high compared to similar options.,pricing
"After regular use, small issues started appearing. though pricing felt reasonable.",quality
The item reached me later than expected. despite overall acceptable quality.,pricing
"Seal condition was not perfect. Overall, it was an average experience.",packaging
Seal condition was not perfect.,packaging
"I received it a few days after the promised date. but customer support was helpful. Overall, it was an average experience.",delivery
Delivery updates were not very clear. although delivery was smooth.,delivery
"The packaging looked slightly worn on arrival. although delivery was smooth. Overall, it was an average experience.",packaging
"The item reached me later than expected. Overall, it was an average experience.",delivery
Protective wrapping was average.,packaging
"Overall quality did not fully meet expectations. Overall, it was an average experience.",quality
Protective wrapping was average. but customer support was helpful.,packaging
"After regular use, small issues started appearing. though pricing felt reasonable. Overall, it was an average experience.",quality
"Overall quality did not fully meet expectations. Overall, it was an average experience.",quality
I received it a few days after the promised date. despite overall acceptable quality.,delivery
"Service response time could be improved. but customer support was helpful. Overall, it was an average experience.",support
"Delivery updates were not very clear. Overall, it was an average experience.",delivery
"Overall quality did not fully meet expectations. despite overall acceptable quality. Overall, it was an average experience.",quality
"The item reached me later than expected. even though the packaging was fine. Overall, it was an average experience.",delivery
"The issue was addressed but not efficiently. although delivery was smooth. Overall, it was an average experience.",support
The issue was addressed but not efficiently.,support
"Customer support response was somewhat slow. Overall, it was an average experience.",packaging
Overall quality did not fully meet expectations. despite overall acceptable quality.,quality
It works fine but has minor functional problems. but I expected a better experience.,quality
Delivery updates were not very clear.,delivery
Seal condition was not perfect. but I expected a better experience.,packaging
"After regular use, small issues started appearing. despite overall acceptable quality.",quality
The product performance was not consistent over time. but I expected a better experience.,quality
There was a delay in shipping. despite overall acceptable quality.,delivery
"Packaging quality could be improved. though pricing felt reasonable. Overall, it was an average experience.",packaging
The packaging looked slightly worn on arrival. despite overall acceptable quality.,packaging
Seal condition was not perfect. despite overall acceptable quality.,packaging
"After regular use, small issues started appearing. but customer support was helpful.",quality
"It works fine but has minor functional problems. though pricing felt reasonable. Overall, it was an average experience.",quality
"After regular use, small issues started appearing. though pricing felt reasonable.",quality
"The issue was addressed but not efficiently. despite overall acceptable quality. Overall, it was an average experience.",support
"Durability seems slightly questionable. although delivery was smooth. Overall, it was an average experience.",quality
Build quality feels average and not very premium. though pricing felt reasonable.,quality
"The courier handling felt average. Overall, it was an average experience.",pricing
Value for money is somewhat debatable. but customer support was helpful.,pricing
"After regular use, small issues started appearing. despite overall acceptable quality. Overall, it was an average experience.",support
There was a delay in shipping. but I expected a better experience.,delivery
"Price seems high compared to similar options. but customer support was helpful. Overall, it was an average experience.",pricing
It took longer than usual to arrive. even though the packaging was fine.,delivery
"The product performance was not consistent over time. Overall, it was an average experience.",quality
It works fine but has minor functional problems. but I expected a better experience.,quality
The courier handling felt average. though pricing felt reasonable.,packaging
The support team provided partial assistance. but customer support was helpful.,support
"The issue was addressed but not efficiently. Overall, it was an average experience.",support
"Service response time could be improved. even though the packaging was fine. Overall, it was an average experience.",support
Box had minor dents but product was intact.,packaging
"Considering the cost, expectations were higher. although delivery was smooth. Overall, it was an average experience.",support
The product performance was not consistent over time. though pricing felt reasonable.,quality
Customer support response was somewhat slow. despite overall acceptable quality.,support
"Outer box appeared a bit damaged. but customer support was helpful. Overall, it was an average experience.",delivery
"It took longer than usual to arrive. despite overall acceptable quality. Overall, it was an average experience.",delivery
Customer support response was somewhat slow. despite overall acceptable quality.,support
"Packaging quality could be improved. Overall, it was an average experience.",packaging
"The product feels slightly expensive for what it offers. Overall, it was an average experience.",pricing
Build quality feels average and not very premium. though pricing felt reasonable.,quality
"Overall quality did not fully meet expectations. but I expected a better experience. Overall, it was an average experience.",quality
It works fine but has minor functional problems. though pricing felt reasonable.,quality
"After regular use, small issues started appearing. even though the packaging was fine. Overall, it was an average experience.",quality
It works fine but has minor functional problems. although delivery was smooth.,quality
"Value for money is somewhat debatable. Overall, it was an average experience.",pricing
There was a delay in shipping.,delivery
Customer support response was somewhat slow. despite overall acceptable quality.,support
"Delivery updates were not very clear. despite overall acceptable quality. Overall, it was an average experience.",delivery
"The product feels slightly expensive for what it offers. Overall, it was an average experience.",pricing
Box had minor dents but product was intact.,packaging
Overall quality did not fully meet expectations. but customer support was helpful.,quality
"Considering the cost, expectations were higher. even though the packaging was fine.",pricing
Customer support response was somewhat slow. even though the packaging was fine.,support
Protective wrapping was average. but I expected a better experience.,packaging
"There was a delay in shipping. but I expected a better experience. Overall, it was an average experience.",delivery
The courier handling felt average.,delivery
"The product performance was not consistent over time. despite overall acceptable quality. Overall, it was an average experience.",quality
"The issue was addressed but not efficiently. Overall, it was an average experience.",support
I had to follow up multiple times for resolution. although delivery was smooth.,support
"It took longer than usual to arrive. but customer support was helpful. Overall, it was an average experience.",delivery
The support team provided partial assistance.,delivery
"There was a delay in shipping. but I expected a better experience. Overall, it was an average experience.",delivery
The product feels slightly expensive for what it offers. although delivery was smooth.,pricing
"It took longer than usual to arrive. but I expected a better experience. Overall, it was an average experience.",delivery
"It works fine but has minor functional problems. though pricing felt reasonable. Overall, it was an average experience.",quality
"Build quality feels average and not very premium. although delivery was smooth. Overall, it was an average experience.",quality
"Packaging quality could be improved. though pricing felt reasonable. Overall, it was an average experience.",packaging
I had to follow up multiple times for resolution. although delivery was smooth.,support
"Delivery updates were not very clear. despite overall acceptable quality. Overall, it was an average experience.",delivery
"After regular use, small issues started appearing. even though the packaging was fine.",quality
Service response time could be improved.,support
"It took longer than usual to arrive. Overall, it was an average experience.",delivery
Service response time could be improved. despite overall acceptable quality.,quality
"The product feels slightly expensive for what it offers. even though the packaging was fine. Overall, it was an average experience.",support
"Build quality feels average and not very premium. even though the packaging was fine. Overall, it was an average experience.",quality
Price seems high compared to similar options. even though the packaging was fine.,pricing
Customer support response was somewhat slow. despite overall acceptable quality.,support
"Outer box appeared a bit damaged. but customer support was helpful. Overall, it was an average experience.",packaging
The pricing structure could be more competitive.,pricing
"I had to follow up multiple times for resolution. Overall, it was an average experience.",support
"The item reached me later than expected. Overall, it was an average experience.",support
"Value for money is somewhat debatable. even though the packaging was fine. Overall, it was an average experience.",pricing
"It works fine but has minor functional problems. despite overall acceptable quality. Overall, it was an average experience.",quality
"Delivery updates were not very clear. Overall, it was an average experience.",delivery
"The packaging looked slightly worn on arrival. despite overall acceptable quality. Overall, it was an average experience.",packaging
Outer box appeared a bit damaged.,packaging
Durability seems slightly questionable.,quality
"The product performance was not consistent over time. although delivery was smooth. Overall, it was an average experience.",quality
"After regular use, small issues started appearing. Overall, it was an average experience.",quality
"I received it a few days after the promised date. Overall, it was an average experience.",delivery
Delivery updates were not very clear. although delivery was smooth.,delivery
Protective wrapping was average. despite overall acceptable quality.,packaging
Build quality feels average and not very premium.,quality
The courier handling felt average. though pricing felt reasonable.,delivery
Communication from customer care lacked clarity.,support
"The packaging looked slightly worn on arrival. although delivery was smooth. Overall, it was an average experience.",packaging
The courier handling felt average.,delivery
"Value for money is somewhat debatable. Overall, it was an average experience.",pricing
The pricing structure could be more competitive.,delivery
Delivery updates were not very clear.,delivery
Price seems high compared to similar options. but customer support was helpful.,pricing
Delivery updates were not very clear. although delivery was smooth.,delivery
"Value for money is somewhat debatable. Overall, it was an average experience.",support
"The packaging looked slightly worn on arrival. but I expected a better experience. Overall, it was an average experience.",packaging
"The support team provided partial assistance. Overall, it was an average experience.",support
Overall quality did not fully meet expectations. but I expected a better experience.,quality
"It works fine but has minor functional problems. despite overall acceptable quality. Overall, it was an average experience.",quality
It is not entirely worth the amount paid. but I expected a better experience.,pricing
Box had minor dents but product was intact. but I expected a better experience.,packaging
"The issue was addressed but not efficiently. Overall, it was an average experience.",support
"It took longer than usual to arrive. but customer support was helpful. Overall, it was an average experience.",delivery
The pricing structure could be more competitive. although delivery was smooth.,delivery
There was a delay in shipping.,delivery
Build quality feels average and not very premium. even though the packaging was fine.,delivery
Protective wrapping was average. though pricing felt reasonable.,packaging
"Communication from customer care lacked clarity. even though the packaging was fine. Overall, it was an average experience.",support
"The packaging looked slightly worn on arrival. Overall, it was an average experience.",packaging
The courier handling felt average. though pricing felt reasonable.,delivery
"After regular use, small issues started appearing.",quality
"Communication from customer care lacked clarity. despite overall acceptable quality. Overall, it was an average experience.",support
"After regular use, small issues started appearing. but I expected a better experience.",quality
The product feels slightly expensive for what it offers. even though the packaging was fine.,support
"Protective wrapping was average. Overall, it was an average experience.",packaging
The support team provided partial assistance. despite overall acceptable quality.,support
Delivery updates were not very clear. although delivery was smooth.,support
"After regular use, small issues started appearing. although delivery was smooth. Overall, it was an average experience.",quality
"The issue was addressed but not efficiently. Overall, it was an average experience.",support
It is not entirely worth the amount paid.,pricing
Box had minor dents but product was intact. although delivery was smooth.,support
"Overall quality did not fully meet expectations. though pricing felt reasonable. Overall, it was an average experience.",quality
"The support team provided partial assistance. but customer support was helpful. Overall, it was an average experience.",support
"Customer support response was somewhat slow. Overall, it was an average experience.",support
"It works fine but has minor functional problems. despite overall acceptable quality. Overall, it was an average experience.",quality
"The support team provided partial assistance. although delivery was smooth. Overall, it was an average experience.",support
"The issue was addressed but not efficiently. Overall, it was an average experience.",support
"Considering the cost, expectations were higher. although delivery was smooth. Overall, it was an average experience.",pricing
I had to follow up multiple times for resolution. even though the packaging was fine.,support
"Outer box appeared a bit damaged. Overall, it was an average experience.",delivery
The support team provided partial assistance. but I expected a better experience.,support
"Overall quality did not fully meet expectations. although delivery was smooth. Overall, it was an average experience.",quality
"The courier handling felt average. despite overall acceptable quality. Overall, it was an average experience.",delivery
"Build quality feels average and not very premium. despite overall acceptable quality. Overall, it was an average experience.",quality
"Overall quality did not fully meet expectations. Overall, it was an average experience.",quality
Box had minor dents but product was intact. although delivery was smooth.,packaging
"The product performance was not consistent over time. but I expected a better experience. Overall, it was an average experience.",quality
"The issue was addressed but not efficiently. though pricing felt reasonable. Overall, it was an average experience.",support
The product feels slightly expensive for what it offers. although delivery was smooth.,pricing
"The item reached me later than expected. despite overall acceptable quality. Overall, it was an average experience.",delivery
"It works fine but has minor functional problems. although delivery was smooth. Overall, it was an average experience.",quality
"The pricing structure could be more competitive. but customer support was helpful. Overall, it was an average experience.",pricing
The packaging looked slightly worn on arrival. even though the packaging was fine.,packaging
The item reached me later than expected. though pricing felt reasonable.,delivery
"Considering the cost, expectations were higher.",pricing
"The packaging looked slightly worn on arrival. but I expected a better experience. Overall, it was an average experience.",delivery
"After regular use, small issues started appearing. but I expected a better experience. Overall, it was an average experience.",quality
"It works fine but has minor functional problems. despite overall acceptable quality. Overall, it was an average experience.",quality
"The pricing structure could be more competitive. but I expected a better experience. Overall, it was an average experience.",pricing
"After regular use, small issues started appearing. even though the packaging was fine. Overall, it was an average experience.",quality
The packaging looked slightly worn on arrival.,packaging
"The pricing structure could be more competitive. Overall, it was an average experience.",pricing
Protective wrapping was average. but I expected a better experience.,packaging
"There was a delay in shipping. even though the packaging was fine. Overall, it was an average experience.",delivery
I received it a few days after the promised date. even though the packaging was fine.,support
"Customer support response was somewhat slow. but I expected a better experience. Overall, it was an average experience.",support
"Overall quality did not fully meet expectations. even though the packaging was fine. Overall, it was an average experience.",quality
Build quality feels average and not very premium. although delivery was smooth.,quality
"Overall quality did not fully meet expectations. despite overall acceptable quality. Overall, it was an average experience.",quality
"After regular use, small issues started appearing.",quality
The item reached me later than expected. even though the packaging was fine.,delivery
"The pricing structure could be more competitive. but customer support was helpful. Overall, it was an average experience.",pricing
"There was a delay in shipping. but customer support was helpful. Overall, it was an average experience.",delivery
"The item reached me later than expected. despite overall acceptable quality. Overall, it was an average experience.",delivery
"It is not entirely worth the amount paid. though pricing felt reasonable. Overall, it was an average experience.",pricing
"Customer support response was somewhat slow. but customer support was helpful. Overall, it was an average experience.",support
The courier handling felt average.,delivery
The product feels slightly expensive for what it offers.,pricing
Delivery updates were not very clear. though pricing felt reasonable.,delivery
"Service response time could be improved. despite overall acceptable quality. Overall, it was an average experience.",support
Value for money is somewhat debatable.,pricing
Value for money is somewhat debatable. although delivery was smooth.,pricing
"The product performance was not consistent over time. although delivery was smooth. Overall, it was an average experience.",quality
"The item reached me later than expected. Overall, it was an average experience.",delivery
There was a delay in shipping. but I expected a better experience.,delivery
"I received it a few days after the promised date. even though the packaging was fine. Overall, it was an average experience.",delivery
"Box had minor dents but product was intact. but customer support was helpful. Overall, it was an average experience.",quality
"Communication from customer care lacked clarity. Overall, it was an average experience.",support
"I had to follow up multiple times for resolution. though pricing felt reasonable. Overall, it was an average experience.",support
"Price seems high compared to similar options. Overall, it was an average experience.",pricing
There was a delay in shipping. but customer support was helpful.,delivery
"It works fine but has minor functional problems. but customer support was helpful. Overall, it was an average experience.",quality
The product performance was not consistent over time. even though the packaging was fine.,quality
"Seal condition was not perfect. Overall, it was an average experience.",packaging
The product performance was not consistent over time.,quality
Packaging quality could be improved.,packaging
Overall quality did not fully meet expectations. but I expected a better experience.,quality
Delivery updates were not very clear.,delivery
"The pricing structure could be more competitive. but I expected a better experience. Overall, it was an average experience.",pricing
"Service response time could be improved. although delivery was smooth. Overall, it was an average experience.",support
The product performance was not consistent over time. but I expected a better experience.,support
It is not entirely worth the amount paid.,pricing
"The product feels slightly expensive for what it offers. Overall, it was an average experience.",packaging
Protective wrapping was average.,packaging
"Service response time could be improved. but I expected a better experience. Overall, it was an average experience.",support
"The issue was addressed but not efficiently. but customer support was helpful. Overall, it was an average experience.",support
"I received it a few days after the promised date. despite overall acceptable quality. Overall, it was an average experience.",delivery
Durability seems slightly questionable.,quality
It works fine but has minor functional problems. although delivery was smooth.,pricing
"Considering the cost, expectations were higher. but customer support was helpful.",pricing
I had to follow up multiple times for resolution. but customer support was helpful.,support
"It works fine but has minor functional problems. Overall, it was an average experience.",quality
Packaging quality could be improved. though pricing felt reasonable.,packaging
I received it a few days after the promised date. but I expected a better experience.,delivery
The product feels slightly expensive for what it offers.,pricing
It works fine but has minor functional problems.,quality
"It took longer than usual to arrive. although delivery was smooth. Overall, it was an average experience.",support
I received it a few days after the promised date.,delivery
Durability seems slightly questionable. but customer support was helpful.,quality
The item reached me later than expected.,delivery
It is not entirely worth the amount paid. though pricing felt reasonable.,pricing
The support team provided partial assistance. but customer support was helpful.,support
"Overall quality did not fully meet expectations. Overall, it was an average experience.",quality
"There was a delay in shipping. but customer support was helpful. Overall, it was an average experience.",packaging
"It is not entirely worth the amount paid. despite overall acceptable quality. Overall, it was an average experience.",pricing
"Build quality feels average and not very premium. Overall, it was an average experience.",quality
"Communication from customer care lacked clarity. but I expected a better experience. Overall, it was an average experience.",support
I had to follow up multiple times for resolution.,packaging
Durability seems slightly questionable. but I expected a better experience.,support
I had to follow up multiple times for resolution. but I expected a better experience.,support
"Value for money is somewhat debatable. even though the packaging was fine. Overall, it was an average experience.",pricing
I had to follow up multiple times for resolution. although delivery was smooth.,support
"It works fine but has minor functional problems. but customer support was helpful. Overall, it was an average experience.",quality
Communication from customer care lacked clarity. even though the packaging was fine.,support
"Build quality feels average and not very premium. Overall, it was an average experience.",quality
The item reached me later than expected. though pricing felt reasonable.,delivery
"Seal condition was not perfect. but I expected a better experience. Overall, it was an average experience.",packaging
The support team provided partial assistance.,support
I had to follow up multiple times for resolution.,support
"Considering the cost, expectations were higher. even though the packaging was fine.",pricing
Overall quality did not fully meet expectations.,quality
"Build quality feels average and not very premium. even though the packaging was fine. Overall, it was an average experience.",quality
"It works fine but has minor functional problems. but I expected a better experience. Overall, it was an average experience.",quality
"The item reached me later than expected. although delivery was smooth. Overall, it was an average experience.",packaging
The product performance was not consistent over time. but I expected a better experience.,quality
"It works fine but has minor functional problems. though pricing felt reasonable. Overall, it was an average experience.",quality
Price seems high compared to similar options. even though the packaging was fine.,pricing
"Protective wrapping was average. Overall, it was an average experience.",packaging
"Customer support response was somewhat slow. even though the packaging was fine. Overall, it was an average experience.",pricing
"After regular use, small issues started appearing. though pricing felt reasonable.",quality
Seal condition was not perfect. but customer support was helpful.,packaging
"Service response time could be improved. Overall, it was an average experience.",support
There was a delay in shipping. even though the packaging was fine.,delivery
Value for money is somewhat debatable. though pricing felt reasonable.,pricing
"Build quality feels average and not very premium. Overall, it was an average experience.",support
The issue was addressed but not efficiently. although delivery was smooth.,support
The pricing structure could be more competitive. even though the packaging was fine.,pricing
The product feels slightly expensive for what it offers.,support
"Outer box appeared a bit damaged. Overall, it was an average experience.",packaging
Seal condition was not perfect.,packaging
The packaging looked slightly worn on arrival. though pricing felt reasonable.,packaging
The support team provided partial assistance. but customer support was helpful.,support
Service response time could be improved. even though the packaging was fine.,quality
"The issue was addressed but not efficiently. although delivery was smooth. Overall, it was an average experience.",support
"Packaging quality could be improved. but I expected a better experience. Overall, it was an average experience.",quality
"Box had minor dents but product was intact. even though the packaging was fine. Overall, it was an average experience.",packaging
"Communication from customer care lacked clarity. although delivery was smooth. Overall, it was an average experience.",support
"It works fine but has minor functional problems. despite overall acceptable quality. Overall, it was an average experience.",quality
Price seems high compared to similar options. despite overall acceptable quality.,pricing
"Delivery updates were not very clear. Overall, it was an average experience.",quality
The issue was addressed but not efficiently. although delivery was smooth.,support
The courier handling felt average. despite overall acceptable quality.,delivery
Customer support response was somewhat slow. but customer support was helpful.,support
"It took longer than usual to arrive. but customer support was helpful. Overall, it was an average experience.",delivery
"Delivery updates were not very clear. Overall, it was an average experience.",delivery
Value for money is somewhat debatable. though pricing felt reasonable.,pricing
Communication from customer care lacked clarity. though pricing felt reasonable.,support
"The product performance was not consistent over time. even though the packaging was fine. Overall, it was an average experience.",quality
The product feels slightly expensive for what it offers. although delivery was smooth.,pricing
Seal condition was not perfect.,delivery
The support team provided partial assistance.,support
"I received it a few days after the promised date. even though the packaging was fine. Overall, it was an average experience.",delivery
"Service response time could be improved. Overall, it was an average experience.",support
There was a delay in shipping. although delivery was smooth.,support
Build quality feels average and not very premium.,pricing
"The item reached me later than expected. Overall, it was an average experience.",delivery
"After regular use, small issues started appearing.",quality
It works fine but has minor functional problems. although delivery was smooth.,quality
The issue was addressed but not efficiently. even though the packaging was fine.,support
Customer support response was somewhat slow. but I expected a better experience.,support
Service response time could be improved. but customer support was helpful.,support
"The support team provided partial assistance. although delivery was smooth. Overall, it was an average experience.",support
Overall quality did not fully meet expectations. though pricing felt reasonable.,quality
The packaging looked slightly worn on arrival. although delivery was smooth.,packaging
"The product performance was not consistent over time. though pricing felt reasonable. Overall, it was an average experience.",quality
"Considering the cost, expectations were higher. but customer support was helpful. Overall, it was an average experience.",pricing
It is not entirely worth the amount paid.,pricing
"Protective wrapping was average. though pricing felt reasonable. Overall, it was an average experience.",packaging
"Service response time could be improved. though pricing felt reasonable. Overall, it was an average experience.",support
It is not entirely worth the amount paid.,pricing
The product performance was not consistent over time.,quality
"It works fine but has minor functional problems. though pricing felt reasonable. Overall, it was an average experience.",quality
"Customer support response was somewhat slow. Overall, it was an average experience.",support
I received it a few days after the promised date. despite overall acceptable quality.,delivery
"Customer support response was somewhat slow. but customer support was helpful. Overall, it was an average experience.",support
Durability seems slightly questionable. although delivery was smooth.,quality
"Value for money is somewhat debatable. although delivery was smooth. Overall, it was an average experience.",pricing
The issue was addressed but not efficiently. although delivery was smooth.,support
It works fine but has minor functional problems. even though the packaging was fine.,quality
"Value for money is somewhat debatable. Overall, it was an average experience.",pricing
"Seal condition was not perfect. but I expected a better experience. Overall, it was an average experience.",packaging
Durability seems slightly questionable.,quality
There was a delay in shipping. but I expected a better experience.,delivery
It works fine but has minor functional problems. although delivery was smooth.,quality
"Protective wrapping was average. even though the packaging was fine. Overall, it was an average experience.",delivery
"I had to follow up multiple times for resolution. Overall, it was an average experience.",support
"The courier handling felt average. though pricing felt reasonable. Overall, it was an average experience.",delivery
Build quality feels average and not very premium.,quality
"The product performance was not consistent over time. Overall, it was an average experience.",quality
"Value for money is somewhat debatable. though pricing felt reasonable. Overall, it was an average experience.",pricing
"The issue was addressed but not efficiently. Overall, it was an average experience.",support
It took longer than usual to arrive.,packaging
Delivery updates were not very clear. despite overall acceptable quality.,packaging
"The support team provided partial assistance. despite overall acceptable quality. Overall, it was an average experience.",support
I had to follow up multiple times for resolution.,support
"The packaging looked slightly worn on arrival. but customer support was helpful. Overall, it was an average experience.",packaging
Value for money is somewhat debatable. despite overall acceptable quality.,pricing
The product performance was not consistent over time. even though the packaging was fine.,quality
"There was a delay in shipping. despite overall acceptable quality. Overall, it was an average experience.",delivery
"Durability seems slightly questionable. Overall, it was an average experience.",quality
"I received it a few days after the promised date. Overall, it was an average experience.",delivery
There was a delay in shipping. although delivery was smooth.,delivery
"Overall quality did not fully meet expectations. even though the packaging was fine. Overall, it was an average experience.",quality
"Protective wrapping was average. but I expected a better experience. Overall, it was an average experience.",packaging
Build quality feels average and not very premium.,quality
The pricing structure could be more competitive. despite overall acceptable quality.,pricing
"Considering the cost, expectations were higher. Overall, it was an average experience.",pricing
Communication from customer care lacked clarity. even though the packaging was fine.,support
"The pricing structure could be more competitive. Overall, it was an average experience.",pricing
"The issue was addressed but not efficiently. despite overall acceptable quality. Overall, it was an average experience.",support
Outer box appeared a bit damaged. but customer support was helpful.,packaging
"Protective wrapping was average. Overall, it was an average experience.",packaging
"There was a delay in shipping. Overall, it was an average experience.",delivery
"The product performance was not consistent over time. despite overall acceptable quality. Overall, it was an average experience.",quality
"Delivery updates were not very clear. Overall, it was an average experience.",delivery
"Durability seems slightly questionable. but I expected a better experience. Overall, it was an average experience.",quality
The packaging looked slightly worn on arrival.,packaging
"Considering the cost, expectations were higher. though pricing felt reasonable. Overall, it was an average experience.",pricing
"Customer support response was somewhat slow. though pricing felt reasonable. Overall, it was an average experience.",support
I received it a few days after the promised date. despite overall acceptable quality.,delivery
The item reached me later than expected. even though the packaging was fine.,delivery
Overall quality did not fully meet expectations. although delivery was smooth.,quality
Outer box appeared a bit damaged. although delivery was smooth.,packaging
It works fine but has minor functional problems. though pricing felt reasonable.,quality
"After regular use, small issues started appearing. but I expected a better experience. Overall, it was an average experience.",quality
"It works fine but has minor functional problems. but I expected a better experience. Overall, it was an average experience.",quality
"The product performance was not consistent over time. although delivery was smooth. Overall, it was an average experience.",quality
"It is not entirely worth the amount paid. Overall, it was an average experience.",pricing
It works fine but has minor functional problems.,delivery
"The product performance was not consistent over time. even though the packaging was fine. Overall, it was an average experience.",quality
The issue was addressed but not efficiently.,support
"Overall quality did not fully meet expectations. Overall, it was an average experience.",quality
There was a delay in shipping. even though the packaging was fine.,delivery
"Price seems high compared to similar options. although delivery was smooth. Overall, it was an average experience.",pricing
"Service response time could be improved. Overall, it was an average experience.",support
"Overall quality did not fully meet expectations. even though the packaging was fine. Overall, it was an average experience.",quality
I received it a few days after the promised date. though pricing felt reasonable.,delivery
"Durability seems slightly questionable. Overall, it was an average experience.",quality
Build quality feels average and not very premium. but I expected a better experience.,quality
The packaging looked slightly worn on arrival. even though the packaging was fine.,packaging
"The courier handling felt average. Overall, it was an average experience.",delivery
Communication from customer care lacked clarity. but I expected a better experience.,support
"Considering the cost, expectations were higher.",pricing
The courier handling felt average. although delivery was smooth.,delivery
Value for money is somewhat debatable.,pricing
"I received it a few days after the promised date. despite overall acceptable quality. Overall, it was an average experience.",packaging
Box had minor dents but product was intact. despite overall acceptable quality.,packaging
Packaging quality could be improved. but I expected a better experience.,packaging
Customer support response was somewhat slow. even though the packaging was fine.,support
The packaging looked slightly worn on arrival.,packaging
"Service response time could be improved. although delivery was smooth. Overall, it was an average experience.",support
"The support team provided partial assistance. even though the packaging was fine. Overall, it was an average experience.",support
Customer support response was somewhat slow.,support
"It is not entirely worth the amount paid. but I expected a better experience. Overall, it was an average experience.",pricing
Protective wrapping was average. even though the packaging was fine.,packaging
"It is not entirely worth the amount paid. even though the packaging was fine. Overall, it was an average experience.",pricing
"Communication from customer care lacked clarity. even though the packaging was fine. Overall, it was an average experience.",support
Communication from customer care lacked clarity. but customer support was helpful.,quality
The support team provided partial assistance.,support
"Communication from customer care lacked clarity. despite overall acceptable quality. Overall, it was an average experience.",delivery
"The packaging looked slightly worn on arrival. despite overall acceptable quality. Overall, it was an average experience.",quality
"The product performance was not consistent over time. but customer support was helpful. Overall, it was an average experience.",quality
"The item reached me later than expected. but customer support was helpful. Overall, it was an average experience.",delivery
"Communication from customer care lacked clarity. though pricing felt reasonable. Overall, it was an average experience.",support
"Packaging quality could be improved. despite overall acceptable quality. Overall, it was an average experience.",packaging
"I received it a few days after the promised date. even though the packaging was fine. Overall, it was an average experience.",delivery
"Protective wrapping was average. Overall, it was an average experience.",packaging
"It took longer than usual to arrive. Overall, it was an average experience.",delivery
Overall quality did not fully meet expectations.,quality
"The item reached me later than expected. but I expected a better experience. Overall, it was an average experience.",delivery
The pricing structure could be more competitive. though pricing felt reasonable.,pricing
The support team provided partial assistance.,support
"I received it a few days after the promised date. although delivery was smooth. Overall, it was an average experience.",quality
Build quality feels average and not very premium. although delivery was smooth.,quality
"I received it a few days after the promised date. Overall, it was an average experience.",delivery
I received it a few days after the promised date.,delivery
Durability seems slightly questionable. though pricing felt reasonable.,quality
There was a delay in shipping. despite overall acceptable quality.,delivery
"There was a delay in shipping. but customer support was helpful. Overall, it was an average experience.",delivery
"After regular use, small issues started appearing. though pricing felt reasonable.",quality
"Service response time could be improved. but customer support was helpful. Overall, it was an average experience.",packaging
"The item reached me later than expected. though pricing felt reasonable. Overall, it was an average experience.",delivery
Durability seems slightly questionable.,quality
"Customer support response was somewhat slow. Overall, it was an average experience.",support
"Box had minor dents but product was intact. though pricing felt reasonable. Overall, it was an average experience.",packaging
"After regular use, small issues started appearing. Overall, it was an average experience.",quality
"I had to follow up multiple times for resolution. though pricing felt reasonable. Overall, it was an average experience.",support
I had to follow up multiple times for resolution. but customer support was helpful.,support
"Service response time could be improved. Overall, it was an average experience.",support
"The issue was addressed but not efficiently. even though the packaging was fine. Overall, it was an average experience.",support
Build quality feels average and not very premium. but customer support was helpful.,quality
Outer box appeared a bit damaged. but customer support was helpful.,packaging
It works fine but has minor functional problems. but I expected a better experience.,quality
"Communication from customer care lacked clarity. although delivery was smooth. Overall, it was an average experience.",support
"Considering the cost, expectations were higher. even though the packaging was fine. Overall, it was an average experience.",pricing
"Value for money is somewhat debatable. though pricing felt reasonable. Overall, it was an average experience.",pricing
"The courier handling felt average. though pricing felt reasonable. Overall, it was an average experience.",delivery
"Durability seems slightly questionable. although delivery was smooth. Overall, it was an average experience.",quality
"Box had minor dents but product was intact. Overall, it was an average experience.",packaging
The product feels slightly expensive for what it offers.,pricing
"Considering the cost, expectations were higher. although delivery was smooth.",pricing
The pricing structure could be more competitive. despite overall acceptable quality.,pricing
"Considering the cost, expectations were higher. although delivery was smooth. Overall, it was an average experience.",pricing
"Considering the cost, expectations were higher.",pricing
"The support team provided partial assistance. Overall, it was an average experience.",support
"It is not entirely worth the amount paid. but I expected a better experience. Overall, it was an average experience.",pricing
"The product performance was not consistent over time. Overall, it was an average experience.",quality
"After regular use, small issues started appearing. despite overall acceptable quality. Overall, it was an average experience.",quality
"Delivery updates were not very clear. Overall, it was an average experience.",delivery
"Packaging quality could be improved. but customer support was helpful. Overall, it was an average experience.",support
The item reached me later than expected. despite overall acceptable quality.,delivery
Service response time could be improved. although delivery was smooth.,support
"The product performance was not consistent over time. but customer support was helpful. Overall, it was an average experience.",quality
The product performance was not consistent over time. although delivery was smooth.,quality
It took longer than usual to arrive. although delivery was smooth.,delivery
The issue was addressed but not efficiently.,support
Overall quality did not fully meet expectations. even though the packaging was fine.,quality
It took longer than usual to arrive. despite overall acceptable quality.,delivery
Delivery updates were not very clear. but customer support was helpful.,delivery
"I had to follow up multiple times for resolution. but customer support was helpful. Overall, it was an average experience.",support
Delivery updates were not very clear. but customer support was helpful.,delivery
"Customer support response was somewhat slow. Overall, it was an average experience.",support
"Overall quality did not fully meet expectations. although delivery was smooth. Overall, it was an average experience.",quality
"Seal condition was not perfect. although delivery was smooth. Overall, it was an average experience.",packaging
"Delivery updates were not very clear. but I expected a better experience. Overall, it was an average experience.",delivery
"Durability seems slightly questionable. although delivery was smooth. Overall, it was an average experience.",quality
The courier handling felt average. but I expected a better experience.,delivery
The product performance was not consistent over time. though pricing felt reasonable.,quality
"The product feels slightly expensive for what it offers. Overall, it was an average experience.",pricing
"Communication from customer care lacked clarity. though pricing felt reasonable. Overall, it was an average experience.",support
Build quality feels average and not very premium. though pricing felt reasonable.,quality
The product feels slightly expensive for what it offers. but customer support was helpful.,pricing
"It took longer than usual to arrive. even though the packaging was fine. Overall, it was an average experience.",delivery
The courier handling felt average. but I expected a better experience.,delivery
"The product performance was not consistent over time. although delivery was smooth. Overall, it was an average experience.",quality
It is not entirely worth the amount paid. despite overall acceptable quality.,delivery
"Communication from customer care lacked clarity. even though the packaging was fine. Overall, it was an average experience.",support
"Delivery updates were not very clear. Overall, it was an average experience.",delivery
Value for money is somewhat debatable. despite overall acceptable quality.,pricing
"Box had minor dents but product was intact. but customer support was helpful. Overall, it was an average experience.",packaging
"The product performance was not consistent over time. Overall, it was an average experience.",quality
It is not entirely worth the amount paid. but customer support was helpful.,pricing
The courier handling felt average. but I expected a better experience.,delivery
"The packaging looked slightly worn on arrival. despite overall acceptable quality. Overall, it was an average experience.",packaging
"The pricing structure could be more competitive. Overall, it was an average experience.",pricing
Customer support response was somewhat slow. despite overall acceptable quality.,support
Build quality feels average and not very premium. although delivery was smooth.,quality
The issue was addressed but not efficiently. though pricing felt reasonable.,support
Build quality feels average and not very premium.,quality
"Considering the cost, expectations were higher. but customer support was helpful.",pricing
The courier handling felt average.,delivery
"Service response time could be improved. Overall, it was an average experience.",support
Delivery updates were not very clear. though pricing felt reasonable.,delivery
The courier handling felt average. despite overall acceptable quality.,delivery
"It is not entirely worth the amount paid. Overall, it was an average experience.",pricing
"After regular use, small issues started appearing. but I expected a better experience.",quality
The packaging looked slightly worn on arrival. although delivery was smooth.,delivery
"Value for money is somewhat debatable. Overall, it was an average experience.",pricing
It works fine but has minor functional problems.,quality
"The product performance was not consistent over time. but I expected a better experience. Overall, it was an average experience.",quality
Customer support response was somewhat slow.,support
The support team provided partial assistance. although delivery was smooth.,support
"The item reached me later than expected. but customer support was helpful. Overall, it was an average experience.",packaging
"It works fine but has minor functional problems. Overall, it was an average experience.",quality
"Durability seems slightly questionable. although delivery was smooth. Overall, it was an average experience.",quality
"It is not entirely worth the amount paid. even though the packaging was fine. Overall, it was an average experience.",pricing
"Delivery updates were not very clear. even though the packaging was fine. Overall, it was an average experience.",delivery
The courier handling felt average. although delivery was smooth.,delivery
"Build quality feels average and not very premium. Overall, it was an average experience.",quality
The product feels slightly expensive for what it offers. but customer support was helpful.,pricing
There was a delay in shipping. although delivery was smooth.,delivery
I had to follow up multiple times for resolution. but customer support was helpful.,support
"Considering the cost, expectations were higher. although delivery was smooth.",pricing
Value for money is somewhat debatable.,pricing
"The product feels slightly expensive for what it offers. Overall, it was an average experience.",pricing
"The product performance was not consistent over time. Overall, it was an average experience.",quality
I had to follow up multiple times for resolution. though pricing felt reasonable.,support
Price seems high compared to similar options.,pricing
Seal condition was not perfect. though pricing felt reasonable.,packaging
Overall quality did not fully meet expectations. though pricing felt reasonable.,quality
Build quality feels average and not very premium. though pricing felt reasonable.,quality
The item reached me later than expected. but customer support was helpful.,delivery
It works fine but has minor functional problems. but customer support was helpful.,quality
"Customer support response was somewhat slow. despite overall acceptable quality. Overall, it was an average experience.",support
"Service response time could be improved. Overall, it was an average experience.",support
"I received it a few days after the promised date. despite overall acceptable quality. Overall, it was an average experience.",delivery
"The product performance was not consistent over time. even though the packaging was fine. Overall, it was an average experience.",quality
"Value for money is somewhat debatable. but customer support was helpful. Overall, it was an average experience.",pricing
"Protective wrapping was average. although delivery was smooth. Overall, it was an average experience.",packaging
There was a delay in shipping.,delivery
"Protective wrapping was average. but customer support was helpful. Overall, it was an average experience.",packaging
"The courier handling felt average. although delivery was smooth. Overall, it was an average experience.",delivery
"Box had minor dents but product was intact. but customer support was helpful. Overall, it was an average experience.",packaging
"It is not entirely worth the amount paid. but customer support was helpful. Overall, it was an average experience.",pricing
It took longer than usual to arrive. but I expected a better experience.,delivery
"The item reached me later than expected. even though the packaging was fine. Overall, it was an average experience.",delivery
It took longer than usual to arrive. but customer support was helpful.,delivery
"Delivery updates were not very clear. Overall, it was an average experience.",delivery
"Overall quality did not fully meet expectations. Overall, it was an average experience.",quality
Build quality feels average and not very premium. despite overall acceptable quality.,quality
"Build quality feels average and not very premium. but I expected a better experience. Overall, it was an average experience.",quality
"I received it a few days after the promised date. Overall, it was an average experience.",delivery
The pricing structure could be more competitive. even though the packaging was fine.,pricing
"Seal condition was not perfect. although delivery was smooth. Overall, it was an average experience.",packaging
Packaging quality could be improved. though pricing felt reasonable.,packaging
Packaging quality could be improved. but I expected a better experience.,packaging
It works fine but has minor functional problems. despite overall acceptable quality.,quality
Durability seems slightly questionable.,quality
It took longer than usual to arrive. though pricing felt reasonable.,packaging
Durability seems slightly questionable.,support
Packaging quality could be improved.,packaging
The issue was addressed but not efficiently. although delivery was smooth.,support
Packaging quality could be improved.,packaging
It is not entirely worth the amount paid. despite overall acceptable quality.,packaging
The pricing structure could be more competitive.,pricing
I had to follow up multiple times for resolution. although delivery was smooth.,support
Seal condition was not perfect. although delivery was smooth.,packaging
"Considering the cost, expectations were higher. although delivery was smooth. Overall, it was an average experience.",pricing
"Considering the cost, expectations were higher.",pricing
There was a delay in shipping. although delivery was smooth.,delivery
The support team provided partial assistance. despite overall acceptable quality.,delivery
Price seems high compared to similar options. but I expected a better experience.,pricing
"The product feels slightly expensive for what it offers. but customer support was helpful. Overall, it was an average experience.",pricing
"Delivery updates were not very clear. though pricing felt reasonable. Overall, it was an average experience.",delivery
Delivery updates were not very clear. although delivery was smooth.,delivery
"The product performance was not consistent over time. but I expected a better experience. Overall, it was an average experience.",quality
It is not entirely worth the amount paid.,pricing
It works fine but has minor functional problems.,quality
"I received it a few days after the promised date. Overall, it was an average experience.",delivery
I received it a few days after the promised date.,delivery
"Considering the cost, expectations were higher. though pricing felt reasonable.",pricing
Price seems high compared to similar options. despite overall acceptable quality.,pricing
I had to follow up multiple times for resolution.,support
"Packaging quality could be improved. but I expected a better experience. Overall, it was an average experience.",packaging
Price seems high compared to similar options. even though the packaging was fine.,pricing
"Build quality feels average and not very premium. Overall, it was an average experience.",quality
"There was a delay in shipping. even though the packaging was fine. Overall, it was an average experience.",quality
"There was a delay in shipping. but customer support was helpful. Overall, it was an average experience.",delivery
"It is not entirely worth the amount paid. although delivery was smooth. Overall, it was an average experience.",pricing
Service response time could be improved. though pricing felt reasonable.,support
"Durability seems slightly questionable. Overall, it was an average experience.",quality
"Protective wrapping was average. even though the packaging was fine. Overall, it was an average experience.",packaging
Build quality feels average and not very premium. but customer support was helpful.,quality
"After regular use, small issues started appearing.",quality
"The product feels slightly expensive for what it offers. but customer support was helpful. Overall, it was an average experience.",pricing
"Overall quality did not fully meet expectations. despite overall acceptable quality. Overall, it was an average experience.",packaging
The item reached me later than expected.,delivery
It is not entirely worth the amount paid. but I expected a better experience.,pricing
"Delivery updates were not very clear. despite overall acceptable quality. Overall, it was an average experience.",delivery
"Box had minor dents but product was intact. Overall, it was an average experience.",packaging
Outer box appeared a bit damaged. although delivery was smooth.,packaging
"Seal condition was not perfect. but I expected a better experience. Overall, it was an average experience.",packaging
"Value for money is somewhat debatable. even though the packaging was fine. Overall, it was an average experience.",pricing
"The packaging looked slightly worn on arrival. though pricing felt reasonable. Overall, it was an average experience.",packaging
"There was a delay in shipping. though pricing felt reasonable. Overall, it was an average experience.",pricing
"There was a delay in shipping. Overall, it was an average experience.",pricing
"The issue was addressed but not efficiently. but I expected a better experience. Overall, it was an average experience.",support
"Communication from customer care lacked clarity. though pricing felt reasonable. Overall, it was an average experience.",support
"The support team provided partial assistance. despite overall acceptable quality. Overall, it was an average experience.",support
"Packaging quality could be improved. although delivery was smooth. Overall, it was an average experience.",packaging
Durability seems slightly questionable.,support
The product feels slightly expensive for what it offers. but I expected a better experience.,pricing
"After regular use, small issues started appearing. but I expected a better experience. Overall, it was an average experience.",quality
"It took longer than usual to arrive. despite overall acceptable quality. Overall, it was an average experience.",delivery
"Value for money is somewhat debatable. although delivery was smooth. Overall, it was an average experience.",pricing
"It took longer than usual to arrive. but I expected a better experience. Overall, it was an average experience.",delivery
"Protective wrapping was average. Overall, it was an average experience.",packaging
Customer support response was somewhat slow. even though the packaging was fine.,support
"I had to follow up multiple times for resolution. despite overall acceptable quality. Overall, it was an average experience.",support
The pricing structure could be more competitive. but customer support was helpful.,pricing
The packaging looked slightly worn on arrival.,packaging
"The support team provided partial assistance. but I expected a better experience. Overall, it was an average experience.",support
"There was a delay in shipping. Overall, it was an average experience.",delivery
"Protective wrapping was average. despite overall acceptable quality. Overall, it was an average experience.",packaging
Packaging quality could be improved. although delivery was smooth.,support
"Considering the cost, expectations were higher. although delivery was smooth. Overall, it was an average experience.",pricing
There was a delay in shipping. even though the packaging was fine.,delivery
Seal condition was not perfect.,packaging
"It works fine but has minor functional problems. but customer support was helpful. Overall, it was an average experience.",quality
"The product performance was not consistent over time. Overall, it was an average experience.",support
"Overall quality did not fully meet expectations. Overall, it was an average experience.",quality
Durability seems slightly questionable. despite overall acceptable quality.,quality
"There was a delay in shipping. but I expected a better experience. Overall, it was an average experience.",delivery
"I had to follow up multiple times for resolution. Overall, it was an average experience.",support
"There was a delay in shipping. Overall, it was an average experience.",delivery
Price seems high compared to similar options. despite overall acceptable quality.,pricing
"Protective wrapping was average. despite overall acceptable quality. Overall, it was an average experience.",packaging
"Overall quality did not fully meet expectations. Overall, it was an average experience.",quality
"After regular use, small issues started appearing.",quality
Seal condition was not perfect. although delivery was smooth.,packaging
"The product performance was not consistent over time. though pricing felt reasonable. Overall, it was an average experience.",quality
"There was a delay in shipping. despite overall acceptable quality. Overall, it was an average experience.",delivery
"I received it a few days after the promised date. but I expected a better experience. Overall, it was an average experience.",delivery
Service response time could be improved. but I expected a better experience.,support
Overall quality did not fully meet expectations. although delivery was smooth.,quality
"Value for money is somewhat debatable. Overall, it was an average experience.",packaging
"Customer support response was somewhat slow. but customer support was helpful. Overall, it was an average experience.",support
"After regular use, small issues started appearing. Overall, it was an average experience.",packaging
"Build quality feels average and not very premium. despite overall acceptable quality. Overall, it was an average experience.",quality
"Service response time could be improved. but customer support was helpful. Overall, it was an average experience.",support
"It took longer than usual to arrive. Overall, it was an average experience.",packaging
"Considering the cost, expectations were higher. even though the packaging was fine.",pricing
"It took longer than usual to arrive. despite overall acceptable quality. Overall, it was an average experience.",delivery
"I had to follow up multiple times for resolution. but customer support was helpful. Overall, it was an average experience.",support
Delivery updates were not very clear. although delivery was smooth.,delivery
Protective wrapping was average.,packaging
"The item reached me later than expected. but I expected a better experience. Overall, it was an average experience.",delivery
Outer box appeared a bit damaged. although delivery was smooth.,packaging
"Considering the cost, expectations were higher. though pricing felt reasonable. Overall, it was an average experience.",pricing
"Durability seems slightly questionable. although delivery was smooth. Overall, it was an average experience.",quality
Communication from customer care lacked clarity.,support
"Outer box appeared a bit damaged. but customer support was helpful. Overall, it was an average experience.",packaging
"Protective wrapping was average. Overall, it was an average experience.",packaging
"The product feels slightly expensive for what it offers. even though the packaging was fine. Overall, it was an average experience.",pricing
"Considering the cost, expectations were higher.",pricing
Price seems high compared to similar options. though pricing felt reasonable.,pricing
The product performance was not consistent over time. although delivery was smooth.,quality
It works fine but has minor functional problems.,quality
"Value for money is somewhat debatable. but customer support was helpful. Overall, it was an average experience.",pricing
"There was a delay in shipping. but I expected a better experience. Overall, it was an average experience.",delivery
The item reached me later than expected. but I expected a better experience.,delivery
"Build quality feels average and not very premium. Overall, it was an average experience.",pricing
"There was a delay in shipping. despite overall acceptable quality. Overall, it was an average experience.",delivery
"Box had minor dents but product was intact. Overall, it was an average experience.",packaging
Value for money is somewhat debatable. but I expected a better experience.,pricing
"The product feels slightly expensive for what it offers. but I expected a better experience. Overall, it was an average experience.",pricing
"Durability seems slightly questionable. even though the packaging was fine. Overall, it was an average experience.",quality
"There was a delay in shipping. Overall, it was an average experience.",delivery
Packaging quality could be improved. though pricing felt reasonable.,packaging
I received it a few days after the promised date. though pricing felt reasonable.,delivery
"The courier handling felt average. but customer support was helpful. Overall, it was an average experience.",delivery
"The packaging looked slightly worn on arrival. Overall, it was an average experience.",packaging
The product feels slightly expensive for what it offers. although delivery was smooth.,pricing
It is not entirely worth the amount paid. although delivery was smooth.,pricing
"Considering the cost, expectations were higher. but customer support was helpful. Overall, it was an average experience.",pricing
Price seems high compared to similar options.,delivery
The issue was addressed but not efficiently. despite overall acceptable quality.,support
"There was a delay in shipping. even though the packaging was fine. Overall, it was an average experience.",support
"Considering the cost, expectations were higher.",pricing
It works fine but has minor functional problems. though pricing felt reasonable.,quality
"Delivery updates were not very clear. but I expected a better experience. Overall, it was an average experience.",delivery
"I received it a few days after the promised date. despite overall acceptable quality. Overall, it was an average experience.",delivery
Build quality feels average and not very premium. despite overall acceptable quality.,quality
There was a delay in shipping.,delivery
"Protective wrapping was average. but I expected a better experience. Overall, it was an average experience.",packaging
I had to follow up multiple times for resolution. but customer support was helpful.,support
Customer support response was somewhat slow. even though the packaging was fine.,support
The issue was addressed but not efficiently. despite overall acceptable quality.,support
"The support team provided partial assistance. but customer support was helpful. Overall, it was an average experience.",support
"Overall quality did not fully meet expectations. Overall, it was an average experience.",support
"Communication from customer care lacked clarity. Overall, it was an average experience.",support
The support team provided partial assistance. although delivery was smooth.,support
"The product performance was not consistent over time. Overall, it was an average experience.",packaging
The pricing structure could be more competitive. but I expected a better experience.,pricing
The item reached me later than expected. but I expected a better experience.,support
The product performance was not consistent over time.,quality
The product feels slightly expensive for what it offers.,pricing
"Overall quality did not fully meet expectations. although delivery was smooth. Overall, it was an average experience.",quality
Price seems high compared to similar options. though pricing felt reasonable.,pricing
"Considering the cost, expectations were higher. though pricing felt reasonable. Overall, it was an average experience.",pricing
"Considering the cost, expectations were higher. though pricing felt reasonable.",pricing
Communication from customer care lacked clarity. but customer support was helpful.,support
Build quality feels average and not very premium. despite overall acceptable quality.,quality
Box had minor dents but product was intact. but customer support was helpful.,packaging
The support team provided partial assistance.,support
"The packaging looked slightly worn on arrival. Overall, it was an average experience.",packaging
The courier handling felt average. although delivery was smooth.,delivery
"Customer support response was somewhat slow. Overall, it was an average experience.",support
Customer support response was somewhat slow.,support
"Box had minor dents but product was intact. Overall, it was an average experience.",packaging
Protective wrapping was average.,packaging
"Value for money is somewhat debatable. Overall, it was an average experience.",pricing
It is not entirely worth the amount paid. despite overall acceptable quality.,pricing
Value for money is somewhat debatable. even though the packaging was fine.,support
Value for money is somewhat debatable. though pricing felt reasonable.,packaging
Build quality feels average and not very premium. even though the packaging was fine.,quality
Value for money is somewhat debatable. though pricing felt reasonable.,pricing
"The product feels slightly expensive for what it offers. though pricing felt reasonable. Overall, it was an average experience.",pricing
"Price seems high compared to similar options. though pricing felt reasonable. Overall, it was an average experience.",pricing
"Service response time could be improved. Overall, it was an average experience.",support
The support team provided partial assistance. although delivery was smooth.,support
"The issue was addressed but not efficiently. although delivery was smooth. Overall, it was an average experience.",support
"Build quality feels average and not very premium. Overall, it was an average experience.",quality
"Value for money is somewhat debatable. Overall, it was an average experience.",pricing
"Overall quality did not fully meet expectations. Overall, it was an average experience.",quality
"It is not entirely worth the amount paid. but I expected a better experience. Overall, it was an average experience.",pricing
Communication from customer care lacked clarity. though pricing felt reasonable.,support
"Build quality feels average and not very premium. although delivery was smooth. Overall, it was an average experience.",quality
"Considering the cost, expectations were higher. Overall, it was an average experience.",pricing
Value for money is somewhat debatable.,pricing
Service response time could be improved.,support
"Build quality feels average and not very premium. despite overall acceptable quality. Overall, it was an average experience.",quality
Durability seems slightly questionable. although delivery was smooth.,quality
"The packaging looked slightly worn on arrival. though pricing felt reasonable. Overall, it was an average experience.",packaging
"The packaging looked slightly worn on arrival. but I expected a better experience. Overall, it was an average experience.",packaging
The support team provided partial assistance. although delivery was smooth.,support
"The product performance was not consistent over time. despite overall acceptable quality. Overall, it was an average experience.",quality
"After regular use, small issues started appearing. despite overall acceptable quality.",quality
Box had minor dents but product was intact. even though the packaging was fine.,packaging
Value for money is somewhat debatable.,pricing
The product feels slightly expensive for what it offers.,pricing
"The product performance was not consistent over time. though pricing felt reasonable. Overall, it was an average experience.",quality
"After regular use, small issues started appearing. but I expected a better experience.",quality
"After regular use, small issues started appearing. even though the packaging was fine. Overall, it was an average experience.",quality
"There was a delay in shipping. Overall, it was an average experience.",packaging
Seal condition was not perfect. but customer support was helpful.,packaging
Customer support response was somewhat slow.,packaging
"The courier handling felt average. even though the packaging was fine. Overall, it was an average experience.",delivery
The courier handling felt average. but customer support was helpful.,delivery
"Protective wrapping was average. though pricing felt reasonable. Overall, it was an average experience.",quality
Customer support response was somewhat slow. but customer support was helpful.,support
Price seems high compared to similar options.,pricing
"I had to follow up multiple times for resolution. even though the packaging was fine. Overall, it was an average experience.",support
"Outer box appeared a bit damaged. but customer support was helpful. Overall, it was an average experience.",packaging
"Overall quality did not fully meet expectations. although delivery was smooth. Overall, it was an average experience.",quality
"It is not entirely worth the amount paid. but customer support was helpful. Overall, it was an average experience.",pricing
"Customer support response was somewhat slow. Overall, it was an average experience.",support
"Service response time could be improved. Overall, it was an average experience.",support
"The product performance was not consistent over time. though pricing felt reasonable. Overall, it was an average experience.",quality
"The courier handling felt average. Overall, it was an average experience.",delivery
"Protective wrapping was average. but customer support was helpful. Overall, it was an average experience.",packaging
Communication from customer care lacked clarity. though pricing felt reasonable.,support
The support team provided partial assistance. though pricing felt reasonable.,support
It is not entirely worth the amount paid. but customer support was helpful.,pricing
"The item reached me later than expected. Overall, it was an average experience.",delivery
"Considering the cost, expectations were higher. though pricing felt reasonable.",quality
Value for money is somewhat debatable.,pricing
"It works fine but has minor functional problems. Overall, it was an average experience.",quality
"Service response time could be improved. despite overall acceptable quality. Overall, it was an average experience.",quality
The issue was addressed but not efficiently. although delivery was smooth.,support
Outer box appeared a bit damaged. although delivery was smooth.,packaging
Box had minor dents but product was intact. but customer support was helpful.,packaging
"Build quality feels average and not very premium. though pricing felt reasonable. Overall, it was an average experience.",support
"The product performance was not consistent over time. although delivery was smooth. Overall, it was an average experience.",quality
Packaging quality could be improved.,packaging
"The issue was addressed but not efficiently. even though the packaging was fine. Overall, it was an average experience.",support
The packaging looked slightly worn on arrival. but I expected a better experience.,packaging
"It works fine but has minor functional problems. although delivery was smooth. Overall, it was an average experience.",quality
"Durability seems slightly questionable. though pricing felt reasonable. Overall, it was an average experience.",quality
The support team provided partial assistance. even though the packaging was fine.,support
"It took longer than usual to arrive. but I expected a better experience. Overall, it was an average experience.",delivery
The packaging looked slightly worn on arrival. despite overall acceptable quality.,packaging
The pricing structure could be more competitive. though pricing felt reasonable.,pricing
Value for money is somewhat debatable. despite overall acceptable quality.,pricing
Packaging quality could be improved. though pricing felt reasonable.,packaging
Durability seems slightly questionable. even though the packaging was fine.,quality
There was a delay in shipping.,delivery
"The product performance was not consistent over time. but I expected a better experience. Overall, it was an average experience.",quality
Service response time could be improved.,support
"Box had minor dents but product was intact. but customer support was helpful. Overall, it was an average experience.",packaging
"The pricing structure could be more competitive. Overall, it was an average experience.",pricing
"Value for money is somewhat debatable. Overall, it was an average experience.",pricing
It is not entirely worth the amount paid.,pricing
"I received it a few days after the promised date. even though the packaging was fine. Overall, it was an average experience.",delivery
"The product performance was not consistent over time. even though the packaging was fine. Overall, it was an average experience.",packaging
"The packaging looked slightly worn on arrival. Overall, it was an average experience.",packaging
"Seal condition was not perfect. Overall, it was an average experience.",packaging
"Outer box appeared a bit damaged. Overall, it was an average experience.",packaging
I had to follow up multiple times for resolution.,support
The issue was addressed but not efficiently. even though the packaging was fine.,support
"Service response time could be improved. though pricing felt reasonable. Overall, it was an average experience.",support
"Build quality feels average and not very premium. Overall, it was an average experience.",quality
The pricing structure could be more competitive.,pricing
"Delivery updates were not very clear. Overall, it was an average experience.",delivery
The product performance was not consistent over time. but I expected a better experience.,quality
"The support team provided partial assistance. even though the packaging was fine. Overall, it was an average experience.",support
"Overall quality did not fully meet expectations. Overall, it was an average experience.",quality
The courier handling felt average.,quality
"The courier handling felt average. Overall, it was an average experience.",delivery
"Durability seems slightly questionable. but I expected a better experience. Overall, it was an average experience.",quality
"I received it a few days after the promised date. even though the packaging was fine. Overall, it was an average experience.",delivery
"Considering the cost, expectations were higher. Overall, it was an average experience.",pricing
Seal condition was not perfect. but customer support was helpful.,packaging
"Service response time could be improved. but I expected a better experience. Overall, it was an average experience.",support
Overall quality did not fully meet expectations. but customer support was helpful.,pricing
"The packaging looked slightly worn on arrival. though pricing felt reasonable. Overall, it was an average experience.",packaging
"Build quality feels average and not very premium. despite overall acceptable quality. Overall, it was an average experience.",quality
Durability seems slightly questionable. even though the packaging was fine.,quality
"The courier handling felt average. despite overall acceptable quality. Overall, it was an average experience.",packaging
Build quality feels average and not very premium.,quality
Price seems high compared to similar options.,pricing
The product performance was not consistent over time.,quality
"Seal condition was not perfect. even though the packaging was fine. Overall, it was an average experience.",packaging
The issue was addressed but not efficiently. despite overall acceptable quality.,support
"Communication from customer care lacked clarity. Overall, it was an average experience.",support
"The support team provided partial assistance. even though the packaging was fine. Overall, it was an average experience.",support
"Durability seems slightly questionable. Overall, it was an average experience.",quality
"Durability seems slightly questionable. even though the packaging was fine. Overall, it was an average experience.",quality
"Price seems high compared to similar options. despite overall acceptable quality. Overall, it was an average experience.",pricing
"Price seems high compared to similar options. but I expected a better experience. Overall, it was an average experience.",pricing
"The item reached me later than expected. but customer support was helpful. Overall, it was an average experience.",packaging
"Box had minor dents but product was intact. Overall, it was an average experience.",packaging
The product feels slightly expensive for what it offers. though pricing felt reasonable.,support
"The item reached me later than expected. Overall, it was an average experience.",delivery
There was a delay in shipping. although delivery was smooth.,delivery
The issue was addressed but not efficiently. even though the packaging was fine.,support
"The packaging looked slightly worn on arrival. despite overall acceptable quality. Overall, it was an average experience.",packaging
"The product performance was not consistent over time. Overall, it was an average experience.",quality
"Build quality feels average and not very premium. despite overall acceptable quality. Overall, it was an average experience.",quality
Communication from customer care lacked clarity.,support
"The pricing structure could be more competitive. but customer support was helpful. Overall, it was an average experience.",pricing
"Considering the cost, expectations were higher.",pricing
"The courier handling felt average. but I expected a better experience. Overall, it was an average experience.",delivery
"Overall quality did not fully meet expectations. but I expected a better experience. Overall, it was an average experience.",pricing
Customer support response was somewhat slow.,support
"It works fine but has minor functional problems. although delivery was smooth. Overall, it was an average experience.",quality
"I received it a few days after the promised date. Overall, it was an average experience.",delivery
"Communication from customer care lacked clarity. Overall, it was an average experience.",support
Communication from customer care lacked clarity. although delivery was smooth.,support
Overall quality did not fully meet expectations. but customer support was helpful.,quality
"The pricing structure could be more competitive. but customer support was helpful. Overall, it was an average experience.",pricing
"Box had minor dents but product was intact. but I expected a better experience. Overall, it was an average experience.",packaging
"I had to follow up multiple times for resolution. but I expected a better experience. Overall, it was an average experience.",pricing
The item reached me later than expected.,delivery
Box had minor dents but product was intact. despite overall acceptable quality.,quality
"Communication from customer care lacked clarity. though pricing felt reasonable. Overall, it was an average experience.",support
"Box had minor dents but product was intact. though pricing felt reasonable. Overall, it was an average experience.",packaging
"Durability seems slightly questionable. although delivery was smooth. Overall, it was an average experience.",quality
"Service response time could be improved. though pricing felt reasonable. Overall, it was an average experience.",support
"It is not entirely worth the amount paid. but I expected a better experience. Overall, it was an average experience.",pricing
"After regular use, small issues started appearing.",quality
"After regular use, small issues started appearing. although delivery was smooth. Overall, it was an average experience.",quality
Seal condition was not perfect. despite overall acceptable quality.,packaging
I received it a few days after the promised date. though pricing felt reasonable.,delivery
"The product performance was not consistent over time. despite overall acceptable quality. Overall, it was an average experience.",quality
Protective wrapping was average. but I expected a better experience.,packaging
"Communication from customer care lacked clarity. though pricing felt reasonable. Overall, it was an average experience.",support
"Customer support response was somewhat slow. but customer support was helpful. Overall, it was an average experience.",support
"Value for money is somewhat debatable. even though the packaging was fine. Overall, it was an average experience.",pricing
"Considering the cost, expectations were higher. even though the packaging was fine.",pricing
The pricing structure could be more competitive.,pricing
"It works fine but has minor functional problems. Overall, it was an average experience.",quality
"Seal condition was not perfect. although delivery was smooth. Overall, it was an average experience.",packaging
It is not entirely worth the amount paid. although delivery was smooth.,pricing
"I received it a few days after the promised date. Overall, it was an average experience.",delivery
I received it a few days after the promised date.,delivery
There was a delay in shipping.,packaging
"Customer support response was somewhat slow. although delivery was smooth. Overall, it was an average experience.",support
"Price seems high compared to similar options. Overall, it was an average experience.",pricing
"The item reached me later than expected. Overall, it was an average experience.",delivery
Build quality feels average and not very premium. but I expected a better experience.,quality
"Considering the cost, expectations were higher. though pricing felt reasonable.",pricing
Communication from customer care lacked clarity. although delivery was smooth.,support
"I received it a few days after the promised date. Overall, it was an average experience.",delivery
"The product performance was not consistent over time. Overall, it was an average experience.",quality
Price seems high compared to similar options. but customer support was helpful.,pricing
Value for money is somewhat debatable. despite overall acceptable quality.,pricing
"Protective wrapping was average. even though the packaging was fine. Overall, it was an average experience.",packaging
"Considering the cost, expectations were higher. but customer support was helpful. Overall, it was an average experience.",pricing
"The packaging looked slightly worn on arrival. although delivery was smooth. Overall, it was an average experience.",packaging
"Considering the cost, expectations were higher. even though the packaging was fine. Overall, it was an average experience.",pricing
"Box had minor dents but product was intact. Overall, it was an average experience.",quality
"The product feels slightly expensive for what it offers. despite overall acceptable quality. Overall, it was an average experience.",pricing
The issue was addressed but not efficiently.,support
I received it a few days after the promised date. even though the packaging was fine.,quality
Customer support response was somewhat slow. but I expected a better experience.,support
There was a delay in shipping. even though the packaging was fine.,delivery
"It took longer than usual to arrive. but I expected a better experience. Overall, it was an average experience.",delivery
"Durability seems slightly questionable. but customer support was helpful. Overall, it was an average experience.",packaging
"Customer support response was somewhat slow. but I expected a better experience. Overall, it was an average experience.",support
The product performance was not consistent over time.,quality
"After regular use, small issues started appearing. despite overall acceptable quality. Overall, it was an average experience.",quality
"It took longer than usual to arrive. but customer support was helpful. Overall, it was an average experience.",delivery
"The courier handling felt average. Overall, it was an average experience.",delivery
It works fine but has minor functional problems.,quality
The item reached me later than expected. despite overall acceptable quality.,delivery
Customer support response was somewhat slow. though pricing felt reasonable.,support
"The pricing structure could be more competitive. but I expected a better experience. Overall, it was an average experience.",delivery
"Outer box appeared a bit damaged. although delivery was smooth. Overall, it was an average experience.",packaging
"The product feels slightly expensive for what it offers. Overall, it was an average experience.",pricing
"I received it a few days after the promised date. but customer support was helpful. Overall, it was an average experience.",delivery
"It took longer than usual to arrive. though pricing felt reasonable. Overall, it was an average experience.",delivery
The product performance was not consistent over time. but customer support was helpful.,quality
The product performance was not consistent over time. despite overall acceptable quality.,quality
"Delivery updates were not very clear. despite overall acceptable quality. Overall, it was an average experience.",delivery
"Service response time could be improved. though pricing felt reasonable. Overall, it was an average experience.",support
"Delivery updates were not very clear. but customer support was helpful. Overall, it was an average experience.",delivery
"Build quality feels average and not very premium. although delivery was smooth. Overall, it was an average experience.",quality
Communication from customer care lacked clarity. but I expected a better experience.,support
"It works fine but has minor functional problems. though pricing felt reasonable. Overall, it was an average experience.",quality
I had to follow up multiple times for resolution.,support
"It works fine but has minor functional problems. though pricing felt reasonable. Overall, it was an average experience.",quality
The courier handling felt average. but I expected a better experience.,delivery
"Durability seems slightly questionable. Overall, it was an average experience.",quality
Communication from customer care lacked clarity.,support
Service response time could be improved. but customer support was helpful.,support
Communication from customer care lacked clarity. despite overall acceptable quality.,support
