.venv\Scripts\activateReviewID,CustomerID,ProductID,ReviewDate,Rating,ReviewText,SentimentScore,SentimentCategory,SentimentBucket,Issue_Type
1,77,18,23-12-2023,3,"Average  experience,  nothing  special.",-0.3089,Mixed Negative,-0.49 to 0.0,Quality & Performance
2,80,19,25-12-2024,5,The  quality  is    top-notch.,0,Positive,-1.0 to -0.5,
3,50,13,26-01-2025,4,Five  stars  for  the  quick  delivery.,0,Positive,-1.0 to -0.5,
4,78,15,21-04-2025,3,"Good  quality,  but  could  be  cheaper.",0.2382,Mixed Positive,0.01 to 0.49,
5,64,2,16-07-2023,3,"Average  experience,  nothing  special.",-0.3089,Mixed Negative,-0.49 to 0.0,Quality & Performance
6,81,1,21-12-2025,4,Customer  support  was  very  helpful.,0.6997,Positive,0.5 to 1.0,
7,16,1,29-01-2024,3,"Average  experience,  nothing  special.",-0.3089,Mixed Negative,-0.49 to 0.0,Quality & Performance
8,55,8,15-08-2024,5,The  quality    is  top-notch.,0,Positive,-1.0 to -0.5,
9,3,13,01-09-2023,4,"I  love  this  product,  will  buy  again!",0.6696,Positive,0.5 to 1.0,
10,78,6,17-06-2024,5,"Excellent  product,  highly  recommend!",0.7773,Positive,0.5 to 1.0,
11,54,9,17-07-2023,4,"Great  purchase,  very  satisfied.",0.8016,Positive,0.5 to 1.0,
12,77,2,13-01-2025,2,Product  did    not  meet  my  expectations.,0,Negative,-1.0 to -0.5,Quality & Performance
13,93,6,20-08-2024,5,"Great  purchase,  very  satisfied.",0.8016,Positive,0.5 to 1.0,
14,23,2,16-06-2025,4,"Good  quality,  but  could  be  cheaper.",0.2382,Positive,0.01 to 0.49,
15,29,11,27-01-2023,5,"Great  purchase,  very  satisfied.",0.8016,Positive,0.5 to 1.0,
16,95,17,06-01-2023,5,"Excellent  product,  highly  recommend!",0.7773,Positive,0.5 to 1.0,
17,88,4,29-10-2025,3,Not  worth  the  money.,-0.1695,Mixed Negative,-0.49 to 0.0,Pricing & Value
18,17,16,23-11-2024,4,Shipping  was  fast  and  the  item  was  well-packaged.,0,Positive,-1.0 to -0.5,
19,34,13,04-01-2024,4,The  quality  is  top-notch.,0,Positive,-1.0 to -0.5,
20,34,6,29-04-2023,1,I  had  a  bad  experience  with  this  product.,-0.5423,Negative,-1.0 to -0.5,Quality & Performance
21,22,15,08-04-2023,5,Amazing  value  for  the  price.,0.7351,Positive,0.5 to 1.0,
22,52,3,30-10-2025,4,The  quality  is  top-notch.,0,Positive,-1.0 to -0.5,
23,69,18,02-07-2023,5,Five  stars  for  the  quick  delivery.,0,Positive,-1.0 to -0.5,
24,100,4,18-07-2025,3,"I  love  this    product,  will  buy  again!",0.6696,Mixed Positive,0.5 to 1.0,
25,55,20,19-12-2024,4,Shipping  was  fast  and  the  item  was  well-packaged.,0,Positive,-1.0 to -0.5,
26,76,11,21-08-2024,4,Five  stars  for  the  quick  delivery.,0,Positive,-1.0 to -0.5,
27,56,6,24-11-2025,4,The  quality  is  top-notch.,0,Positive,-1.0 to -0.5,
28,76,8,27-05-2025,5,Five  stars  for  the  quick  delivery.,0,Positive,-1.0 to -0.5,
29,38,13,31-05-2023,4,"I  love  this  product,  will  buy  again!",0.6696,Positive,0.5 to 1.0,
30,84,6,18-03-2024,4,Five  stars  for  the  quick  delivery.,0,Positive,-1.0 to -0.5,
31,93,4,25-08-2025,3,"Good  quality,  but  could  be    cheaper.",0.2382,Mixed Positive,0.01 to 0.49,
32,91,1,15-07-2023,4,The  quality  is  top-notch.,0,Positive,-1.0 to -0.5,
33,30,2,21-02-2023,4,Shipping  was  fast  and  the  item  was  well-packaged.,0,Positive,-1.0 to -0.5,
34,81,15,30-03-2024,5,"Excellent  product,  highly  recommend!",0.7773,Positive,0.5 to 1.0,
35,27,12,13-03-2024,3,"Average  experience,  nothing  special.",-0.3089,Mixed Negative,-0.49 to 0.0,Quality & Performance
36,96,9,05-12-2025,3,"Good  quality,  but  could  be  cheaper.",0.2382,Mixed Positive,0.01 to 0.49,
37,38,3,11-09-2023,3,"Average  experience,  nothing    special.",-0.3089,Mixed Negative,-0.49 to 0.0,Quality & Performance
38,45,17,07-05-2024,5,"Great  purchase,  very  satisfied.",0.8016,Positive,0.5 to 1.0,
39,54,1,02-10-2023,5,Customer  support  was  very  helpful.,0.6997,Positive,0.5 to 1.0,
40,33,2,03-01-2025,5,Five  stars    for  the  quick  delivery.,0,Positive,-1.0 to -0.5,
41,93,17,15-05-2025,3,"Average  experience,  nothing  special.",-0.3089,Mixed Negative,-0.49 to 0.0,Quality & Performance
42,72,15,21-03-2023,5,Five  stars  for  the  quick  delivery.,0,Positive,-1.0 to -0.5,
43,84,15,02-02-2025,4,Exceeded  my    expectations!,0,Positive,-1.0 to -0.5,
44,44,17,20-04-2023,5,"Excellent  product,    highly  recommend!",0.7773,Positive,0.5 to 1.0,
45,11,16,23-03-2023,3,Not  worth  the  money.,-0.1695,Mixed Negative,-0.49 to 0.0,Pricing & Value
46,27,5,07-05-2025,4,Five  stars  for  the  quick  delivery.,0,Positive,-1.0 to -0.5,
47,19,13,01-06-2024,4,Five  stars  for  the  quick  delivery.,0,Positive,-1.0 to -0.5,
48,70,17,08-10-2023,4,Shipping  was  fast  and  the  item    was  well-packaged.,0,Positive,-1.0 to -0.5,
49,3,7,09-06-2025,3,"Good  quality,  but  could    be  cheaper.",0.2382,Mixed Positive,0.01 to 0.49,
50,62,4,07-01-2023,1,The  product  stopped  working  after  a  month.,-0.2263,Negative,-0.49 to 0.0,Quality & Performance
51,49,17,14-04-2023,4,Five  stars  for  the  quick  delivery.,0,Positive,-1.0 to -0.5,
52,75,11,07-04-2024,4,"I  love  this  product,  will  buy  again!",0.6696,Positive,0.5 to 1.0,
53,73,18,28-12-2025,4,Five  stars  for    the  quick  delivery.,0,Positive,-1.0 to -0.5,
54,33,8,03-05-2023,5,"Excellent  product,  highly  recommend!",0.7773,Positive,0.5 to 1.0,
55,57,9,03-11-2025,3,Customer  support  was    very  helpful.,0.6997,Mixed Positive,0.5 to 1.0,
56,15,10,11-12-2025,3,Shipping  was  fast  and  the  item  was  well-packaged.,0,Neutral,-1.0 to -0.5,
57,41,10,06-04-2024,2,Disappointed  with  the  performance.,-0.4767,Negative,-0.49 to 0.0,Quality & Performance
58,78,7,16-07-2024,2,"The  product    is  okay,  but  the  instructions  were  unclear.",-0.2617,Negative,-0.49 to 0.0,Quality & Performance
59,98,9,01-09-2024,4,The  build  quality  is  impressive.,0.5106,Positive,0.5 to 1.0,
60,11,16,27-12-2023,4,"Great  purchase,  very  satisfied.",0.8016,Positive,0.5 to 1.0,
61,50,19,24-02-2023,4,"Great  purchase,    very  satisfied.",0.8016,Positive,0.5 to 1.0,
62,35,17,18-03-2023,2,"Average  experience,  nothing  special.",-0.3089,Negative,-0.49 to 0.0,Quality & Performance
63,93,2,05-01-2025,4,Five  stars  for  the  quick  delivery.,0,Positive,-1.0 to -0.5,
64,86,11,30-10-2025,4,Customer  support  was  very  helpful.,0.6997,Positive,0.5 to 1.0,
65,34,3,15-06-2024,1,Not  worth  the  money.,-0.1695,Negative,-0.49 to 0.0,Pricing & Value
66,94,16,17-06-2023,4,"I  love  this  product,  will  buy    again!",0.6696,Positive,0.5 to 1.0,
67,67,13,12-04-2025,3,"Average  experience,  nothing  special.",-0.3089,Mixed Negative,-0.49 to 0.0,Quality & Performance
68,38,7,23-03-2023,3,"The  product  is  okay,  but  the  instructions  were  unclear.",-0.2617,Mixed Negative,-0.49 to 0.0,Quality & Performance
69,77,12,03-08-2025,3,Five  stars  for  the  quick  delivery.,0,Neutral,-1.0 to -0.5,
70,93,5,30-01-2024,4,Shipping  was  fast    and  the  item  was  well-packaged.,0,Positive,-1.0 to -0.5,
71,24,11,28-07-2025,3,"Good  quality,  but  could  be  cheaper.",0.2382,Mixed Positive,0.01 to 0.49,
72,29,4,29-05-2023,5,The    build  quality  is  impressive.,0.5106,Positive,0.5 to 1.0,
73,68,19,05-05-2025,5,"I  love  this  product,  will  buy  again!",0.6696,Positive,0.5 to 1.0,
74,59,9,16-05-2023,3,"The  product  is  okay,  but  the  instructions  were  unclear.",-0.2617,Mixed Negative,-0.49 to 0.0,Quality & Performance
75,22,3,13-01-2024,5,Shipping  was  fast  and  the  item  was  well-packaged.,0,Positive,-1.0 to -0.5,
76,9,10,31-08-2025,4,"Great  purchase,  very  satisfied.",0.8016,Positive,0.5 to 1.0,
77,74,5,15-03-2023,4,"Great  purchase,    very  satisfied.",0.8016,Positive,0.5 to 1.0,
78,6,10,09-12-2024,5,Five  stars  for  the  quick  delivery.,0,Positive,-1.0 to -0.5,
79,84,15,28-05-2024,2,The  product  arrived    late.,0,Negative,-1.0 to -0.5,Service & Logistics
80,98,16,24-05-2025,3,Not  worth  the  money.,-0.1695,Mixed Negative,-0.49 to 0.0,Pricing & Value
81,3,19,04-09-2024,4,Five  stars  for  the  quick  delivery.,0,Positive,-1.0 to -0.5,
82,78,13,02-05-2023,4,Shipping    was  fast  and  the  item  was  well-packaged.,0,Positive,-1.0 to -0.5,
83,32,11,26-05-2025,4,The  quality  is    top-notch.,0,Positive,-1.0 to -0.5,
84,40,20,17-07-2023,4,"Good  quality,  but  could  be  cheaper.",0.2382,Positive,0.01 to 0.49,
85,17,6,25-10-2025,5,Five  stars  for  the  quick  delivery.,0,Positive,-1.0 to -0.5,
86,78,3,06-10-2025,5,"Excellent  product,  highly  recommend!",0.7773,Positive,0.5 to 1.0,
87,89,17,26-05-2023,3,Not    worth  the  money.,-0.1695,Mixed Negative,-0.49 to 0.0,Pricing & Value
88,93,19,26-08-2025,4,Exceeded  my  expectations!,0,Positive,-1.0 to -0.5,
89,60,3,08-07-2024,3,The  quality  is  top-notch.,0,Neutral,-1.0 to -0.5,
90,47,17,12-11-2025,4,Five  stars  for  the  quick  delivery.,0,Positive,-1.0 to -0.5,
91,4,16,27-09-2025,3,"Great  purchase,  very  satisfied.",0.8016,Mixed Positive,0.5 to 1.0,
92,2,16,21-11-2023,3,Not  worth  the  money.,-0.1695,Mixed Negative,-0.49 to 0.0,Pricing & Value
93,60,13,05-09-2024,3,Not  worth  the  money.,-0.1695,Mixed Negative,-0.49 to 0.0,Pricing & Value
94,2,16,14-03-2025,4,The  quality  is  top-notch.,0,Positive,-1.0 to -0.5,
95,16,16,07-04-2024,4,Shipping  was  fast  and  the  item  was  well-packaged.,0,Positive,-1.0 to -0.5,
96,19,13,02-09-2023,3,"Good  quality,  but  could  be  cheaper.",0.2382,Mixed Positive,0.01 to 0.49,
97,64,6,19-01-2024,3,"The  product  is  okay,  but  the  instructions  were  unclear.",-0.2617,Mixed Negative,-0.49 to 0.0,Quality & Performance
98,96,3,20-11-2025,5,Exceeded  my  expectations!,0,Positive,-1.0 to -0.5,
99,79,16,29-01-2025,2,"Average  experience,  nothing  special.",-0.3089,Negative,-0.49 to 0.0,Quality & Performance
100,9,2,20-06-2025,3,Not  worth  the  money.,-0.1695,Mixed Negative,-0.49 to 0.0,Pricing & Value
101,61,18,11-09-2024,5,The  build  quality  is  impressive.,0.5106,Positive,0.5 to 1.0,
102,4,2,22-08-2025,5,"Excellent  product,  highly  recommend!",0.7773,Positive,0.5 to 1.0,
103,82,14,17-11-2024,5,The  quality  is  top-notch.,0,Positive,-1.0 to -0.5,
104,96,5,06-01-2023,4,"I  love    this  product,  will  buy  again!",0.6696,Positive,0.5 to 1.0,
105,32,12,27-08-2024,2,The  product    arrived  late.,0,Negative,-1.0 to -0.5,Service & Logistics
106,94,17,25-02-2024,2,"Average  experience,  nothing  special.",-0.3089,Negative,-0.49 to 0.0,Quality & Performance
107,26,10,17-02-2025,5,Five  stars  for    the  quick  delivery.,0,Positive,-1.0 to -0.5,
108,80,17,22-12-2023,5,Five  stars  for  the    quick  delivery.,0,Positive,-1.0 to -0.5,
109,38,10,25-07-2023,4,Customer  support  was  very  helpful.,0.6997,Positive,0.5 to 1.0,
110,54,12,02-08-2024,4,Customer    support  was  very  helpful.,0.6997,Positive,0.5 to 1.0,
111,43,7,05-11-2023,4,Five  stars  for  the  quick  delivery.,0,Positive,-1.0 to -0.5,
112,87,3,26-05-2023,5,"Excellent  product,  highly  recommend!",0.7773,Positive,0.5 to 1.0,
113,27,9,31-03-2024,2,Disappointed  with  the  performance.,-0.4767,Negative,-0.49 to 0.0,Quality & Performance
114,52,19,04-05-2025,2,"Average  experience,  nothing  special.",-0.3089,Negative,-0.49 to 0.0,Quality & Performance
115,82,9,28-09-2023,4,Five  stars  for  the  quick  delivery.,0,Positive,-1.0 to -0.5,
116,70,18,23-07-2023,4,The  quality  is  top-notch.,0,Positive,-1.0 to -0.5,
117,20,14,19-04-2025,4,Customer  support  was  very  helpful.,0.6997,Positive,0.5 to 1.0,
118,59,6,01-05-2024,1,The  product  arrived  late.,0,Negative,-1.0 to -0.5,Service & Logistics
119,34,5,06-09-2025,4,"Great  purchase,  very    satisfied.",0.8016,Positive,0.5 to 1.0,
120,3,20,18-08-2024,4,The  quality  is  top-notch.,0,Positive,-1.0 to -0.5,
121,91,1,02-11-2025,2,"Good  quality,  but  could  be  cheaper.",0.2382,Mixed Negative,0.01 to 0.49,Quality & Performance
122,83,14,27-09-2024,2,Not  worth  the  money.,-0.1695,Negative,-0.49 to 0.0,Pricing & Value
123,93,1,22-09-2025,4,"Good  quality,  but  could  be  cheaper.",0.2382,Positive,0.01 to 0.49,
124,36,16,17-07-2023,5,Customer  support  was  very  helpful.,0.6997,Positive,0.5 to 1.0,
125,55,11,20-12-2025,5,"I  love  this  product,  will  buy  again!",0.6696,Positive,0.5 to 1.0,
126,32,10,12-08-2024,5,Exceeded  my  expectations!,0,Positive,-1.0 to -0.5,
127,47,8,25-03-2025,4,"Great  purchase,  very  satisfied.",0.8016,Positive,0.5 to 1.0,
128,71,20,13-12-2023,2,"Average  experience,  nothing  special.",-0.3089,Negative,-0.49 to 0.0,Quality & Performance
129,46,13,14-02-2025,4,"Good  quality,  but  could  be  cheaper.",0.2382,Positive,0.01 to 0.49,
130,88,3,22-09-2025,5,"Great    purchase,  very  satisfied.",0.8016,Positive,0.5 to 1.0,
131,42,5,16-06-2023,5,Amazing  value  for  the  price.,0.7351,Positive,0.5 to 1.0,
132,21,7,13-11-2025,2,Product  did  not  meet  my  expectations.,0,Negative,-1.0 to -0.5,Quality & Performance
133,40,4,24-05-2025,4,The  quality  is  top-notch.,0,Positive,-1.0 to -0.5,
134,74,4,27-03-2024,3,"Good  quality,  but  could    be  cheaper.",0.2382,Mixed Positive,0.01 to 0.49,
135,48,14,08-06-2023,4,"I  love  this  product,  will  buy  again!",0.6696,Positive,0.5 to 1.0,
136,17,3,27-03-2025,5,Amazing  value  for    the  price.,0.7351,Positive,0.5 to 1.0,
137,88,6,02-03-2023,4,"Good  quality,  but  could    be  cheaper.",0.2382,Positive,0.01 to 0.49,
138,28,15,18-01-2023,5,Five  stars  for  the  quick  delivery.,0,Positive,-1.0 to -0.5,
139,36,16,20-04-2023,4,Customer  support  was  very  helpful.,0.6997,Positive,0.5 to 1.0,
140,53,18,03-12-2023,3,"Good  quality,  but  could  be  cheaper.",0.2382,Mixed Positive,0.01 to 0.49,
141,98,9,15-10-2024,5,Amazing  value  for  the    price.,0.7351,Positive,0.5 to 1.0,
142,15,7,04-08-2023,5,"Excellent  product,  highly  recommend!",0.7773,Positive,0.5 to 1.0,
143,3,12,12-04-2023,3,"Average  experience,  nothing  special.",-0.3089,Mixed Negative,-0.49 to 0.0,Quality & Performance
144,27,15,16-08-2025,4,The  build  quality  is  impressive.,0.5106,Positive,0.5 to 1.0,
145,27,10,05-03-2024,3,"The    product  is  okay,  but  the  instructions  were  unclear.",-0.2617,Mixed Negative,-0.49 to 0.0,Quality & Performance
146,5,13,09-01-2025,4,"I  love  this  product,  will  buy  again!",0.6696,Positive,0.5 to 1.0,
147,100,20,25-01-2025,2,"Average  experience,  nothing  special.",-0.3089,Negative,-0.49 to 0.0,Quality & Performance
148,17,18,05-11-2024,1,"Average  experience,  nothing  special.",-0.3089,Negative,-0.49 to 0.0,Quality & Performance
149,50,3,20-12-2023,4,The  quality  is  top-notch.,0,Positive,-1.0 to -0.5,
150,4,15,18-06-2024,5,"I  love  this  product,  will  buy    again!",0.6696,Positive,0.5 to 1.0,
151,21,19,30-10-2023,3,"Good  quality,  but  could  be  cheaper.",0.2382,Mixed Positive,0.01 to 0.49,
152,32,16,15-12-2025,3,"Good  quality,  but    could  be  cheaper.",0.2382,Mixed Positive,0.01 to 0.49,
153,95,11,06-11-2023,5,Amazing  value  for  the  price.,0.7351,Positive,0.5 to 1.0,
154,3,12,19-12-2023,4,The  quality  is  top-notch.,0,Positive,-1.0 to -0.5,
155,89,3,10-12-2025,4,Customer  support  was  very  helpful.,0.6997,Positive,0.5 to 1.0,
156,5,7,26-01-2025,5,The  build  quality  is  impressive.,0.5106,Positive,0.5 to 1.0,
157,10,17,14-10-2025,2,The  product  arrived  late.,0,Negative,-1.0 to -0.5,Service & Logistics
158,37,2,16-04-2024,5,"Great  purchase,  very  satisfied.",0.8016,Positive,0.5 to 1.0,
159,23,12,01-09-2023,5,"I  love  this  product,    will  buy  again!",0.6696,Positive,0.5 to 1.0,
160,71,9,02-01-2024,2,Not  worth  the  money.,-0.1695,Negative,-0.49 to 0.0,Pricing & Value
161,9,18,05-08-2025,2,The  product  arrived    late.,0,Negative,-1.0 to -0.5,Service & Logistics
162,64,20,25-07-2023,3,"Average  experience,  nothing  special.",-0.3089,Mixed Negative,-0.49 to 0.0,Quality & Performance
163,89,7,27-05-2023,5,The  quality  is  top-notch.,0,Positive,-1.0 to -0.5,
164,25,19,16-03-2024,2,Product  did  not    meet  my  expectations.,0,Negative,-1.0 to -0.5,Quality & Performance
165,97,3,03-06-2025,4,The  quality  is  top-notch.,0,Positive,-1.0 to -0.5,
166,87,3,01-11-2023,3,"Good    quality,  but  could  be  cheaper.",0.2382,Mixed Positive,0.01 to 0.49,
167,28,16,02-08-2023,2,Product  did  not  meet    my  expectations.,0,Negative,-1.0 to -0.5,Quality & Performance
168,72,2,13-12-2025,3,Customer  support  was  very  helpful.,0.6997,Mixed Positive,0.5 to 1.0,
169,26,8,28-09-2025,5,Five  stars  for  the  quick    delivery.,0,Positive,-1.0 to -0.5,
170,53,13,23-06-2024,5,The  build  quality  is  impressive.,0.5106,Positive,0.5 to 1.0,
171,2,16,16-02-2024,3,Not  worth  the  money.,-0.1695,Mixed Negative,-0.49 to 0.0,Pricing & Value
172,79,2,23-11-2024,3,Not  worth  the  money.,-0.1695,Mixed Negative,-0.49 to 0.0,Pricing & Value
173,15,16,30-05-2025,5,Customer  support  was  very  helpful.,0.6997,Positive,0.5 to 1.0,
174,91,8,23-06-2024,4,"I  love  this  product,  will  buy  again!",0.6696,Positive,0.5 to 1.0,
175,3,6,02-11-2024,3,"Good  quality,  but  could  be  cheaper.",0.2382,Mixed Positive,0.01 to 0.49,
176,21,11,23-11-2023,3,"The  product  is  okay,  but  the  instructions  were  unclear.",-0.2617,Mixed Negative,-0.49 to 0.0,Quality & Performance
177,93,19,03-07-2025,4,"I  love  this  product,  will  buy  again!",0.6696,Positive,0.5 to 1.0,
178,17,20,25-05-2025,4,The  quality  is    top-notch.,0,Positive,-1.0 to -0.5,
179,46,20,26-11-2025,4,"Great  purchase,  very  satisfied.",0.8016,Positive,0.5 to 1.0,
180,77,5,08-03-2023,4,"Great  purchase,    very  satisfied.",0.8016,Positive,0.5 to 1.0,
181,4,3,09-08-2024,4,The  build  quality  is  impressive.,0.5106,Positive,0.5 to 1.0,
182,21,11,08-03-2024,5,"Excellent  product,  highly  recommend!",0.7773,Positive,0.5 to 1.0,
183,13,5,08-06-2025,4,"Great  purchase,  very  satisfied.",0.8016,Positive,0.5 to 1.0,
184,59,5,29-12-2024,4,Shipping  was  fast  and  the  item  was  well-packaged.,0,Positive,-1.0 to -0.5,
185,8,6,13-11-2023,2,Product  did  not  meet  my  expectations.,0,Negative,-1.0 to -0.5,Quality & Performance
186,22,13,17-02-2023,4,The  quality  is  top-notch.,0,Positive,-1.0 to -0.5,
187,58,18,01-05-2025,4,The  quality  is  top-notch.,0,Positive,-1.0 to -0.5,
188,70,5,19-09-2025,5,Exceeded  my  expectations!,0,Positive,-1.0 to -0.5,
189,83,7,13-03-2025,2,The  product    arrived  late.,0,Negative,-1.0 to -0.5,Service & Logistics
190,83,3,10-08-2023,3,"Good  quality,  but  could  be  cheaper.",0.2382,Mixed Positive,0.01 to 0.49,
191,68,3,05-09-2024,4,"Great  purchase,    very  satisfied.",0.8016,Positive,0.5 to 1.0,
192,42,17,04-08-2023,5,"Excellent  product,  highly  recommend!",0.7773,Positive,0.5 to 1.0,
193,84,20,21-06-2024,3,"The  product  is  okay,  but  the  instructions  were    unclear.",-0.2617,Mixed Negative,-0.49 to 0.0,Quality & Performance
194,7,7,19-05-2025,1,The  product  arrived  late.,0,Negative,-1.0 to -0.5,Service & Logistics
195,75,5,25-10-2023,5,Amazing  value  for  the  price.,0.7351,Positive,0.5 to 1.0,
196,91,2,29-10-2023,3,"Average  experience,  nothing  special.",-0.3089,Mixed Negative,-0.49 to 0.0,Quality & Performance
197,51,15,27-11-2024,4,"I  love  this  product,    will  buy  again!",0.6696,Positive,0.5 to 1.0,
198,57,8,27-08-2023,5,Five  stars  for  the  quick  delivery.,0,Positive,-1.0 to -0.5,
199,6,13,20-08-2024,5,The    quality  is  top-notch.,0,Positive,-1.0 to -0.5,
200,30,17,09-01-2025,3,"Good  quality,  but  could  be  cheaper.",0.2382,Mixed Positive,0.01 to 0.49,
201,59,6,23-05-2023,2,Not  worth  the  money.,-0.1695,Negative,-0.49 to 0.0,Pricing & Value
202,33,9,06-09-2023,5,Amazing  value  for  the  price.,0.7351,Positive,0.5 to 1.0,
203,66,18,22-11-2023,3,"Average  experience,  nothing  special.",-0.3089,Mixed Negative,-0.49 to 0.0,Quality & Performance
204,95,14,29-11-2024,4,"Great  purchase,  very    satisfied.",0.8016,Positive,0.5 to 1.0,
205,88,12,06-04-2023,5,Amazing  value  for  the  price.,0.7351,Positive,0.5 to 1.0,
206,72,14,22-08-2023,4,Shipping  was  fast  and  the  item  was  well-packaged.,0,Positive,-1.0 to -0.5,
207,95,18,07-06-2025,4,"I  love  this  product,  will  buy  again!",0.6696,Positive,0.5 to 1.0,
208,94,8,25-03-2023,4,"Great  purchase,  very  satisfied.",0.8016,Positive,0.5 to 1.0,
209,70,8,05-11-2025,3,"Average  experience,  nothing  special.",-0.3089,Mixed Negative,-0.49 to 0.0,Quality & Performance
210,28,1,10-12-2023,2,The  product  arrived  late.,0,Negative,-1.0 to -0.5,Service & Logistics
211,84,12,07-03-2025,4,Five  stars  for  the  quick  delivery.,0,Positive,-1.0 to -0.5,
212,87,10,03-01-2023,1,"Terrible  customer  service,  would  not  buy  again.",-0.4767,Negative,-0.49 to 0.0,Service & Logistics
213,7,13,09-04-2024,5,Shipping  was  fast  and    the  item  was  well-packaged.,0,Positive,-1.0 to -0.5,
214,53,18,13-04-2025,3,Five  stars  for  the  quick  delivery.,0,Neutral,-1.0 to -0.5,
215,55,10,07-01-2024,2,Product  did  not  meet  my  expectations.,0,Negative,-1.0 to -0.5,Quality & Performance
216,49,7,14-11-2023,3,"The  product  is  okay,  but  the  instructions  were  unclear.",-0.2617,Mixed Negative,-0.49 to 0.0,Quality & Performance
217,62,11,19-08-2023,5,Amazing  value    for  the  price.,0.7351,Positive,0.5 to 1.0,
218,35,8,14-09-2024,4,The  quality  is  top-notch.,0,Positive,-1.0 to -0.5,
219,90,9,18-02-2023,4,Five  stars  for  the  quick  delivery.,0,Positive,-1.0 to -0.5,
220,78,9,12-08-2025,2,Disappointed  with  the  performance.,-0.4767,Negative,-0.49 to 0.0,Quality & Performance
221,26,2,21-10-2024,4,The  build  quality  is  impressive.,0.5106,Positive,0.5 to 1.0,
222,54,14,28-02-2024,5,Customer  support  was  very  helpful.,0.6997,Positive,0.5 to 1.0,
223,37,16,31-07-2023,5,Exceeded  my  expectations!,0,Positive,-1.0 to -0.5,
224,68,15,27-03-2023,4,"Great  purchase,    very  satisfied.",0.8016,Positive,0.5 to 1.0,
225,80,1,08-09-2025,3,"The  product  is  okay,  but  the  instructions  were  unclear.",-0.2617,Mixed Negative,-0.49 to 0.0,Quality & Performance
226,60,9,23-08-2023,2,The  product  arrived  late.,0,Negative,-1.0 to -0.5,Service & Logistics
227,74,11,10-08-2024,4,"Good    quality,  but  could  be  cheaper.",0.2382,Positive,0.01 to 0.49,
228,20,19,23-10-2025,2,"The  product  is  okay,  but  the  instructions  were  unclear.",-0.2617,Negative,-0.49 to 0.0,Quality & Performance
229,69,12,07-02-2023,4,The    quality  is  top-notch.,0,Positive,-1.0 to -0.5,
230,54,11,19-10-2023,2,The  product  arrived  late.,0,Negative,-1.0 to -0.5,Service & Logistics
231,15,16,15-04-2025,5,Five  stars  for  the  quick  delivery.,0,Positive,-1.0 to -0.5,
232,17,3,11-10-2025,5,Five  stars  for  the  quick  delivery.,0,Positive,-1.0 to -0.5,
233,81,4,14-11-2024,2,The  product  arrived  late.,0,Negative,-1.0 to -0.5,Service & Logistics
234,80,9,06-03-2023,5,The  build  quality  is  impressive.,0.5106,Positive,0.5 to 1.0,
235,54,3,18-03-2024,4,Customer  support  was  very  helpful.,0.6997,Positive,0.5 to 1.0,
236,55,16,03-03-2025,5,"Great  purchase,  very  satisfied.",0.8016,Positive,0.5 to 1.0,
237,44,2,29-09-2025,4,The  quality  is  top-notch.,0,Positive,-1.0 to -0.5,
238,47,9,18-04-2023,4,"Great  purchase,  very  satisfied.",0.8016,Positive,0.5 to 1.0,
239,45,9,28-01-2024,5,Exceeded  my  expectations!,0,Positive,-1.0 to -0.5,
240,20,16,09-11-2024,5,Five  stars  for  the  quick  delivery.,0,Positive,-1.0 to -0.5,
241,61,15,22-04-2024,4,Five  stars  for  the  quick  delivery.,0,Positive,-1.0 to -0.5,
242,20,20,07-06-2025,4,The  quality  is  top-notch.,0,Positive,-1.0 to -0.5,
243,24,11,17-02-2023,1,I  had  a  bad  experience  with  this  product.,-0.5423,Negative,-1.0 to -0.5,Quality & Performance
244,36,4,25-08-2023,4,"Great  purchase,  very  satisfied.",0.8016,Positive,0.5 to 1.0,
245,50,3,23-03-2023,3,"Good  quality,  but  could  be  cheaper.",0.2382,Mixed Positive,0.01 to 0.49,
246,71,12,23-07-2023,4,The    quality  is  top-notch.,0,Positive,-1.0 to -0.5,
247,28,6,24-11-2025,5,"Excellent  product,  highly    recommend!",0.7773,Positive,0.5 to 1.0,
248,81,6,15-07-2023,3,"Good  quality,  but  could  be  cheaper.",0.2382,Mixed Positive,0.01 to 0.49,
249,75,2,04-01-2023,1,"Not    satisfied,  the  product  broke  after  a  week.",-0.6288,Negative,-1.0 to -0.5,Quality & Performance
250,22,11,21-09-2023,1,The  product  stopped  working  after  a  month.,-0.2263,Negative,-0.49 to 0.0,Quality & Performance
251,16,2,01-02-2024,4,"Good  quality,  but  could  be  cheaper.",0.2382,Positive,0.01 to 0.49,
252,6,6,18-03-2025,5,The  build  quality  is    impressive.,0.5106,Positive,0.5 to 1.0,
253,75,15,03-08-2024,3,"Great  purchase,  very  satisfied.",0.8016,Mixed Positive,0.5 to 1.0,
254,30,19,31-12-2025,3,"Average  experience,  nothing  special.",-0.3089,Mixed Negative,-0.49 to 0.0,Quality & Performance
255,13,16,23-01-2024,5,"I  love  this  product,  will  buy  again!",0.6696,Positive,0.5 to 1.0,
256,91,3,11-02-2024,4,"Good  quality,  but  could  be  cheaper.",0.2382,Positive,0.01 to 0.49,
257,84,13,03-10-2023,3,"Average  experience,  nothing    special.",-0.3089,Mixed Negative,-0.49 to 0.0,Quality & Performance
258,34,7,13-05-2025,4,"Great    purchase,  very  satisfied.",0.8016,Positive,0.5 to 1.0,
259,75,2,24-08-2023,3,"The  product  is  okay,  but  the  instructions  were  unclear.",-0.2617,Mixed Negative,-0.49 to 0.0,Quality & Performance
260,44,18,07-03-2024,3,"Average  experience,  nothing  special.",-0.3089,Mixed Negative,-0.49 to 0.0,Quality & Performance
261,29,12,15-10-2024,4,Customer  support  was  very  helpful.,0.6997,Positive,0.5 to 1.0,
262,45,7,07-07-2024,5,Five  stars  for    the  quick  delivery.,0,Positive,-1.0 to -0.5,
263,47,8,21-10-2024,4,Customer  support  was  very  helpful.,0.6997,Positive,0.5 to 1.0,
264,96,18,19-08-2025,4,Shipping  was  fast  and  the    item  was  well-packaged.,0,Positive,-1.0 to -0.5,
265,22,19,14-05-2024,4,"I  love  this  product,  will  buy  again!",0.6696,Positive,0.5 to 1.0,
266,62,5,22-02-2025,5,"Excellent  product,    highly  recommend!",0.7773,Positive,0.5 to 1.0,
267,55,19,01-12-2023,3,"The  product  is    okay,  but  the  instructions  were  unclear.",-0.2617,Mixed Negative,-0.49 to 0.0,Quality & Performance
268,98,17,28-10-2023,5,The  build  quality    is  impressive.,0.5106,Positive,0.5 to 1.0,
269,75,4,18-11-2023,4,The  quality  is  top-notch.,0,Positive,-1.0 to -0.5,
270,46,6,25-09-2023,1,The  color  was  different  from  what  was  shown.,0,Negative,-1.0 to -0.5,Quality & Performance
271,21,17,08-08-2025,5,The    build  quality  is  impressive.,0.5106,Positive,0.5 to 1.0,
272,39,17,26-03-2023,5,Shipping  was  fast  and  the  item  was  well-packaged.,0,Positive,-1.0 to -0.5,
273,10,2,09-10-2024,5,Shipping  was  fast  and  the  item  was  well-packaged.,0,Positive,-1.0 to -0.5,
274,93,11,07-04-2023,5,"I  love  this  product,  will  buy  again!",0.6696,Positive,0.5 to 1.0,
275,45,12,03-04-2023,4,Five  stars  for  the  quick  delivery.,0,Positive,-1.0 to -0.5,
276,86,1,29-01-2025,5,The  quality  is  top-notch.,0,Positive,-1.0 to -0.5,
277,22,6,21-03-2025,4,The  quality  is  top-notch.,0,Positive,-1.0 to -0.5,
278,80,20,01-03-2023,5,Amazing  value  for  the  price.,0.7351,Positive,0.5 to 1.0,
279,86,5,21-07-2023,5,Customer  support  was  very  helpful.,0.6997,Positive,0.5 to 1.0,
280,68,19,09-11-2023,4,"Good  quality,  but  could  be  cheaper.",0.2382,Positive,0.01 to 0.49,
281,71,5,19-11-2025,4,"I  love  this  product,  will  buy  again!",0.6696,Positive,0.5 to 1.0,
282,59,5,17-02-2023,3,"Average  experience,  nothing  special.",-0.3089,Mixed Negative,-0.49 to 0.0,Quality & Performance
283,87,13,14-02-2023,5,"I  love  this  product,  will  buy  again!",0.6696,Positive,0.5 to 1.0,
284,89,13,01-09-2023,4,"Great  purchase,  very  satisfied.",0.8016,Positive,0.5 to 1.0,
285,29,3,25-08-2023,4,"Good  quality,  but  could    be  cheaper.",0.2382,Positive,0.01 to 0.49,
286,53,16,04-05-2023,5,"I  love  this  product,  will  buy  again!",0.6696,Positive,0.5 to 1.0,
287,75,6,14-02-2025,5,"I  love  this  product,  will    buy  again!",0.6696,Positive,0.5 to 1.0,
288,68,17,21-06-2024,5,"Excellent  product,  highly  recommend!",0.7773,Positive,0.5 to 1.0,
289,87,15,04-10-2023,5,Customer  support  was    very  helpful.,0.6997,Positive,0.5 to 1.0,
290,20,14,23-09-2024,2,"Average  experience,  nothing  special.",-0.3089,Negative,-0.49 to 0.0,Quality & Performance
291,17,7,06-12-2025,5,"I  love  this  product,  will  buy  again!",0.6696,Positive,0.5 to 1.0,
292,15,7,19-10-2025,5,Customer  support  was  very  helpful.,0.6997,Positive,0.5 to 1.0,
293,25,13,14-02-2023,3,Not  worth    the  money.,-0.1695,Mixed Negative,-0.49 to 0.0,Pricing & Value
294,63,13,09-11-2023,3,Not  worth  the  money.,-0.1695,Mixed Negative,-0.49 to 0.0,Pricing & Value
295,61,6,13-10-2024,3,"The  product  is  okay,  but  the  instructions  were  unclear.",-0.2617,Mixed Negative,-0.49 to 0.0,Quality & Performance
296,85,18,13-12-2023,4,The    quality  is  top-notch.,0,Positive,-1.0 to -0.5,
297,92,16,06-08-2023,3,"Average  experience,  nothing  special.",-0.3089,Mixed Negative,-0.49 to 0.0,Quality & Performance
298,41,15,13-06-2025,4,Five  stars  for  the  quick  delivery.,0,Positive,-1.0 to -0.5,
299,93,13,01-02-2024,1,Product  did  not  meet  my  expectations.,0,Negative,-1.0 to -0.5,Quality & Performance
300,22,18,09-05-2023,2,Disappointed  with  the  performance.,-0.4767,Negative,-0.49 to 0.0,Quality & Performance
301,6,7,30-05-2023,4,"I  love  this  product,  will  buy  again!",0.6696,Positive,0.5 to 1.0,
302,64,19,08-10-2024,5,The  quality  is  top-notch.,0,Positive,-1.0 to -0.5,
303,20,10,25-04-2024,4,"Great  purchase,  very  satisfied.",0.8016,Positive,0.5 to 1.0,
304,66,14,01-02-2023,3,"Average    experience,  nothing  special.",-0.3089,Mixed Negative,-0.49 to 0.0,Quality & Performance
305,87,7,25-08-2023,4,Customer  support  was  very  helpful.,0.6997,Positive,0.5 to 1.0,
306,52,8,19-07-2025,3,"Average  experience,  nothing  special.",-0.3089,Mixed Negative,-0.49 to 0.0,Quality & Performance
307,63,16,08-01-2025,5,Exceeded  my  expectations!,0,Positive,-1.0 to -0.5,
308,90,14,02-04-2023,5,Shipping  was  fast  and  the  item  was  well-packaged.,0,Positive,-1.0 to -0.5,
309,70,11,02-02-2023,3,"Good  quality,  but  could  be  cheaper.",0.2382,Mixed Positive,0.01 to 0.49,
310,40,1,30-11-2024,5,Exceeded  my  expectations!,0,Positive,-1.0 to -0.5,
311,52,11,14-11-2023,4,Shipping  was  fast  and  the  item  was  well-packaged.,0,Positive,-1.0 to -0.5,
312,90,3,05-11-2023,2,The  product  arrived  late.,0,Negative,-1.0 to -0.5,Service & Logistics
313,13,3,14-01-2024,4,"I    love  this  product,  will  buy  again!",0.6696,Positive,0.5 to 1.0,
314,22,17,06-10-2025,2,Product  did  not  meet  my  expectations.,0,Negative,-1.0 to -0.5,Quality & Performance
315,32,7,13-06-2025,4,The  quality  is  top-notch.,0,Positive,-1.0 to -0.5,
316,48,4,15-08-2025,5,Five  stars  for  the  quick    delivery.,0,Positive,-1.0 to -0.5,
317,15,6,04-08-2023,3,"The  product  is  okay,  but  the  instructions  were  unclear.",-0.2617,Mixed Negative,-0.49 to 0.0,Quality & Performance
318,97,4,15-12-2023,4,"Good  quality,  but  could  be  cheaper.",0.2382,Positive,0.01 to 0.49,
319,86,6,11-12-2024,5,Shipping  was  fast  and  the  item  was  well-packaged.,0,Positive,-1.0 to -0.5,
320,79,17,24-02-2023,4,The  quality  is  top-notch.,0,Positive,-1.0 to -0.5,
321,58,12,17-04-2024,4,"Good  quality,  but  could  be  cheaper.",0.2382,Positive,0.01 to 0.49,
322,76,13,01-12-2024,4,"Great    purchase,  very  satisfied.",0.8016,Positive,0.5 to 1.0,
323,47,4,24-04-2023,4,Shipping  was    fast  and  the  item  was  well-packaged.,0,Positive,-1.0 to -0.5,
324,89,5,08-07-2024,4,Shipping  was  fast  and  the  item    was  well-packaged.,0,Positive,-1.0 to -0.5,
325,78,6,17-04-2023,4,"Good  quality,  but  could  be  cheaper.",0.2382,Positive,0.01 to 0.49,
326,17,14,15-06-2024,4,The  quality  is  top-notch.,0,Positive,-1.0 to -0.5,
327,95,8,25-08-2023,4,The  quality  is  top-notch.,0,Positive,-1.0 to -0.5,
328,100,13,20-02-2024,2,Not  worth  the  money.,-0.1695,Negative,-0.49 to 0.0,Pricing & Value
329,6,9,07-12-2024,3,The  quality  is  top-notch.,0,Neutral,-1.0 to -0.5,
330,22,14,18-03-2023,4,The  quality  is  top-notch.,0,Positive,-1.0 to -0.5,
331,68,4,17-08-2023,5,"I  love  this  product,  will  buy  again!",0.6696,Positive,0.5 to 1.0,
332,2,10,06-11-2024,5,The  build  quality  is  impressive.,0.5106,Positive,0.5 to 1.0,
333,87,5,02-06-2024,4,"I  love  this  product,  will  buy  again!",0.6696,Positive,0.5 to 1.0,
334,70,9,14-04-2025,5,Five  stars  for  the  quick    delivery.,0,Positive,-1.0 to -0.5,
335,75,14,12-03-2024,5,"Great  purchase,  very  satisfied.",0.8016,Positive,0.5 to 1.0,
336,8,8,07-02-2024,2,The  product  arrived  late.,0,Negative,-1.0 to -0.5,Service & Logistics
337,32,19,22-05-2024,3,"The  product  is  okay,  but  the  instructions  were  unclear.",-0.2617,Mixed Negative,-0.49 to 0.0,Quality & Performance
338,98,4,22-01-2023,2,The  product  arrived  late.,0,Negative,-1.0 to -0.5,Service & Logistics
339,38,2,11-01-2025,5,Exceeded  my    expectations!,0,Positive,-1.0 to -0.5,
340,95,17,16-09-2025,5,"I  love  this  product,  will  buy  again!",0.6696,Positive,0.5 to 1.0,
341,62,3,04-11-2024,2,Not  worth  the  money.,-0.1695,Negative,-0.49 to 0.0,Pricing & Value
342,19,4,15-06-2025,4,The  build  quality  is  impressive.,0.5106,Positive,0.5 to 1.0,
343,84,4,13-04-2025,3,"Average  experience,  nothing  special.",-0.3089,Mixed Negative,-0.49 to 0.0,Quality & Performance
344,21,10,02-11-2025,3,Not  worth  the  money.,-0.1695,Mixed Negative,-0.49 to 0.0,Pricing & Value
345,48,4,24-07-2024,4,"I  love  this  product,  will  buy  again!",0.6696,Positive,0.5 to 1.0,
346,84,15,27-06-2025,5,The  build  quality  is  impressive.,0.5106,Positive,0.5 to 1.0,
347,75,16,19-08-2025,1,Disappointed    with  the  performance.,-0.4767,Negative,-0.49 to 0.0,Quality & Performance
348,52,13,05-03-2024,2,Not  worth  the  money.,-0.1695,Negative,-0.49 to 0.0,Pricing & Value
349,26,11,19-11-2024,3,"I  love  this  product,  will  buy  again!",0.6696,Mixed Positive,0.5 to 1.0,
350,57,6,22-08-2025,3,Not    worth  the  money.,-0.1695,Mixed Negative,-0.49 to 0.0,Pricing & Value
351,55,5,02-05-2023,3,"The  product  is  okay,  but    the  instructions  were  unclear.",-0.2617,Mixed Negative,-0.49 to 0.0,Quality & Performance
352,43,11,22-12-2025,3,"Average  experience,  nothing  special.",-0.3089,Mixed Negative,-0.49 to 0.0,Quality & Performance
353,36,15,08-09-2025,5,"Great    purchase,  very  satisfied.",0.8016,Positive,0.5 to 1.0,
354,50,18,03-01-2024,2,"Average  experience,  nothing  special.",-0.3089,Negative,-0.49 to 0.0,Quality & Performance
355,59,9,04-03-2024,2,"Average  experience,  nothing  special.",-0.3089,Negative,-0.49 to 0.0,Quality & Performance
356,86,14,23-11-2023,1,The  product  arrived  late.,0,Negative,-1.0 to -0.5,Service & Logistics
357,1,3,01-04-2024,4,Five  stars  for  the  quick  delivery.,0,Positive,-1.0 to -0.5,
358,13,15,20-11-2023,3,"Average  experience,  nothing  special.",-0.3089,Mixed Negative,-0.49 to 0.0,Quality & Performance
359,79,15,04-05-2024,5,Amazing  value  for  the  price.,0.7351,Positive,0.5 to 1.0,
360,33,15,09-09-2025,5,"Excellent  product,  highly  recommend!",0.7773,Positive,0.5 to 1.0,
361,71,7,12-02-2024,5,"Excellent  product,  highly  recommend!",0.7773,Positive,0.5 to 1.0,
362,33,11,11-02-2024,3,"The  product  is  okay,  but  the  instructions  were  unclear.",-0.2617,Mixed Negative,-0.49 to 0.0,Quality & Performance
363,17,15,15-04-2025,4,"Good  quality,  but  could  be  cheaper.",0.2382,Positive,0.01 to 0.49,
364,46,8,26-04-2024,5,The  build  quality  is  impressive.,0.5106,Positive,0.5 to 1.0,
365,90,20,24-10-2025,3,"Good  quality,  but  could  be    cheaper.",0.2382,Mixed Positive,0.01 to 0.49,
366,46,7,14-11-2023,5,Shipping  was  fast  and  the  item  was  well-packaged.,0,Positive,-1.0 to -0.5,
367,96,1,02-07-2024,3,Not  worth  the    money.,-0.1695,Mixed Negative,-0.49 to 0.0,Pricing & Value
368,34,8,11-05-2025,1,"Not  satisfied,  the  product  broke  after  a  week.",-0.6288,Negative,-1.0 to -0.5,Quality & Performance
369,48,4,19-12-2024,4,Customer  support  was  very  helpful.,0.6997,Positive,0.5 to 1.0,
370,73,6,13-04-2023,4,The  quality  is  top-notch.,0,Positive,-1.0 to -0.5,
371,29,1,20-01-2024,2,Product  did  not  meet  my  expectations.,0,Negative,-1.0 to -0.5,Quality & Performance
372,91,6,10-05-2023,4,"I  love  this  product,  will    buy  again!",0.6696,Positive,0.5 to 1.0,
373,92,14,12-07-2025,1,"Average  experience,  nothing  special.",-0.3089,Negative,-0.49 to 0.0,Quality & Performance
374,89,12,08-02-2023,1,The  product    stopped  working  after  a  month.,-0.2263,Negative,-0.49 to 0.0,Quality & Performance
375,73,4,16-12-2024,5,The  build  quality  is  impressive.,0.5106,Positive,0.5 to 1.0,
376,38,6,03-07-2023,3,"Good  quality,    but  could  be  cheaper.",0.2382,Mixed Positive,0.01 to 0.49,
377,77,4,29-11-2023,5,"Excellent  product,  highly  recommend!",0.7773,Positive,0.5 to 1.0,
378,64,9,20-03-2024,2,The  product  arrived    late.,0,Negative,-1.0 to -0.5,Service & Logistics
379,62,4,27-01-2023,5,The    quality  is  top-notch.,0,Positive,-1.0 to -0.5,
380,52,4,23-02-2024,4,"I  love    this  product,  will  buy  again!",0.6696,Positive,0.5 to 1.0,
381,45,4,24-01-2024,3,"Good  quality,  but    could  be  cheaper.",0.2382,Mixed Positive,0.01 to 0.49,
382,38,7,03-09-2023,4,"Good  quality,    but  could  be  cheaper.",0.2382,Positive,0.01 to 0.49,
383,54,13,05-09-2024,5,Amazing  value  for  the  price.,0.7351,Positive,0.5 to 1.0,
384,20,3,04-06-2025,3,Not  worth  the  money.,-0.1695,Mixed Negative,-0.49 to 0.0,Pricing & Value
385,81,5,09-06-2023,4,Five  stars  for  the  quick  delivery.,0,Positive,-1.0 to -0.5,
386,86,5,09-04-2024,3,"Good  quality,  but  could  be  cheaper.",0.2382,Mixed Positive,0.01 to 0.49,
387,42,14,29-03-2025,5,Shipping  was  fast  and  the    item  was  well-packaged.,0,Positive,-1.0 to -0.5,
388,99,1,10-12-2025,1,Disappointed  with  the  performance.,-0.4767,Negative,-0.49 to 0.0,Quality & Performance
389,14,2,14-09-2024,5,"Excellent  product,  highly  recommend!",0.7773,Positive,0.5 to 1.0,
390,30,10,22-05-2023,3,"Good  quality,  but  could  be  cheaper.",0.2382,Mixed Positive,0.01 to 0.49,
391,98,20,05-01-2024,3,"Average  experience,  nothing  special.",-0.3089,Mixed Negative,-0.49 to 0.0,Quality & Performance
392,93,11,29-06-2023,5,Amazing  value  for  the  price.,0.7351,Positive,0.5 to 1.0,
393,6,20,18-04-2024,2,Product  did  not  meet  my  expectations.,0,Negative,-1.0 to -0.5,Quality & Performance
394,7,4,19-10-2024,3,"The  product  is  okay,  but  the  instructions  were  unclear.",-0.2617,Mixed Negative,-0.49 to 0.0,Quality & Performance
395,35,9,12-04-2025,4,The  quality  is  top-notch.,0,Positive,-1.0 to -0.5,
396,75,6,12-09-2025,3,"Good    quality,  but  could  be  cheaper.",0.2382,Mixed Positive,0.01 to 0.49,
397,11,14,23-04-2024,4,The  quality  is  top-notch.,0,Positive,-1.0 to -0.5,
398,17,7,02-09-2023,5,"I  love  this  product,  will  buy  again!",0.6696,Positive,0.5 to 1.0,
399,68,1,21-07-2024,3,"Average  experience,  nothing  special.",-0.3089,Mixed Negative,-0.49 to 0.0,Quality & Performance
400,42,10,30-06-2023,3,Not  worth  the  money.,-0.1695,Mixed Negative,-0.49 to 0.0,Pricing & Value
401,93,18,13-04-2024,4,"Good  quality,  but  could  be  cheaper.",0.2382,Positive,0.01 to 0.49,
402,68,12,16-12-2025,4,The  build  quality  is  impressive.,0.5106,Positive,0.5 to 1.0,
403,53,14,18-06-2023,3,"Good  quality,  but    could  be  cheaper.",0.2382,Mixed Positive,0.01 to 0.49,
404,90,7,04-06-2025,4,The  quality  is  top-notch.,0,Positive,-1.0 to -0.5,
405,43,4,10-09-2025,5,Exceeded  my    expectations!,0,Positive,-1.0 to -0.5,
406,11,9,15-12-2025,5,Exceeded  my  expectations!,0,Positive,-1.0 to -0.5,
407,79,11,12-01-2023,2,Disappointed  with  the    performance.,-0.4767,Negative,-0.49 to 0.0,Quality & Performance
408,17,4,12-12-2023,5,The  build  quality  is  impressive.,0.5106,Positive,0.5 to 1.0,
409,59,19,22-02-2023,5,"I  love  this  product,  will  buy    again!",0.6696,Positive,0.5 to 1.0,
410,83,1,11-01-2023,1,Product  did  not  meet  my  expectations.,0,Negative,-1.0 to -0.5,Quality & Performance
411,32,15,05-03-2023,3,"The  product  is  okay,  but  the    instructions  were  unclear.",-0.2617,Mixed Negative,-0.49 to 0.0,Quality & Performance
412,83,7,10-05-2024,4,Customer  support  was  very  helpful.,0.6997,Positive,0.5 to 1.0,
413,60,12,24-08-2023,5,The  build  quality  is  impressive.,0.5106,Positive,0.5 to 1.0,
414,59,14,31-07-2025,4,"I  love  this  product,  will  buy  again!",0.6696,Positive,0.5 to 1.0,
415,97,8,04-06-2025,2,Disappointed  with  the    performance.,-0.4767,Negative,-0.49 to 0.0,Quality & Performance
416,15,17,19-04-2023,5,The  quality  is  top-notch.,0,Positive,-1.0 to -0.5,
417,9,16,28-11-2024,3,Not  worth  the  money.,-0.1695,Mixed Negative,-0.49 to 0.0,Pricing & Value
418,94,2,02-03-2025,1,"Not  satisfied,  the  product  broke  after  a    week.",-0.6288,Negative,-1.0 to -0.5,Quality & Performance
419,68,6,01-09-2025,1,The  color  was  different  from  what  was  shown.,0,Negative,-1.0 to -0.5,Quality & Performance
420,18,11,10-06-2023,5,"I  love  this    product,  will  buy  again!",0.6696,Positive,0.5 to 1.0,
421,75,13,18-08-2025,5,The  quality  is  top-notch.,0,Positive,-1.0 to -0.5,
422,81,17,30-09-2025,4,The  quality  is  top-notch.,0,Positive,-1.0 to -0.5,
423,76,18,01-08-2023,2,Product  did  not  meet  my  expectations.,0,Negative,-1.0 to -0.5,Quality & Performance
424,53,11,21-03-2024,4,Customer  support  was  very  helpful.,0.6997,Positive,0.5 to 1.0,
425,89,6,04-03-2025,2,Not  worth  the  money.,-0.1695,Negative,-0.49 to 0.0,Pricing & Value
426,74,17,07-04-2024,4,Shipping  was  fast  and  the  item  was  well-packaged.,0,Positive,-1.0 to -0.5,
427,81,11,20-08-2025,4,Five  stars  for  the  quick  delivery.,0,Positive,-1.0 to -0.5,
428,58,9,17-01-2025,5,The  build    quality  is  impressive.,0.5106,Positive,0.5 to 1.0,
429,71,2,08-06-2023,4,Customer    support  was  very  helpful.,0.6997,Positive,0.5 to 1.0,
430,99,9,03-08-2025,2,"Average  experience,  nothing  special.",-0.3089,Negative,-0.49 to 0.0,Quality & Performance
431,94,11,10-02-2023,3,Not  worth  the  money.,-0.1695,Mixed Negative,-0.49 to 0.0,Pricing & Value
432,31,18,14-02-2025,4,"I  love  this  product,  will  buy  again!",0.6696,Positive,0.5 to 1.0,
433,72,2,11-06-2025,5,The  quality  is  top-notch.,0,Positive,-1.0 to -0.5,
434,7,18,25-02-2023,5,"Great  purchase,  very  satisfied.",0.8016,Positive,0.5 to 1.0,
435,65,1,28-02-2023,5,Amazing  value  for  the  price.,0.7351,Positive,0.5 to 1.0,
436,11,1,03-01-2024,4,Shipping  was  fast    and  the  item  was  well-packaged.,0,Positive,-1.0 to -0.5,
437,73,4,24-06-2023,5,"Excellent  product,  highly  recommend!",0.7773,Positive,0.5 to 1.0,
438,72,20,13-09-2023,5,Five  stars  for  the  quick  delivery.,0,Positive,-1.0 to -0.5,
439,67,11,11-11-2025,3,"The  product  is  okay,  but  the  instructions  were  unclear.",-0.2617,Mixed Negative,-0.49 to 0.0,Quality & Performance
440,93,7,22-07-2023,3,Not  worth  the  money.,-0.1695,Mixed Negative,-0.49 to 0.0,Pricing & Value
441,12,6,03-09-2023,1,Product  did    not  meet  my  expectations.,0,Negative,-1.0 to -0.5,Quality & Performance
442,28,8,06-04-2025,1,The  product  stopped  working  after  a  month.,-0.2263,Negative,-0.49 to 0.0,Quality & Performance
443,37,13,19-01-2024,3,"Good  quality,  but  could  be  cheaper.",0.2382,Mixed Positive,0.01 to 0.49,
444,22,16,20-10-2023,5,The  build  quality  is  impressive.,0.5106,Positive,0.5 to 1.0,
445,25,14,27-05-2023,3,"Good  quality,  but  could  be  cheaper.",0.2382,Mixed Positive,0.01 to 0.49,
446,84,14,10-06-2025,5,The  quality  is  top-notch.,0,Positive,-1.0 to -0.5,
447,38,2,19-08-2024,4,Shipping    was  fast  and  the  item  was  well-packaged.,0,Positive,-1.0 to -0.5,
448,75,12,25-12-2025,4,"Excellent  product,  highly  recommend!",0.7773,Positive,0.5 to 1.0,
449,43,14,10-03-2024,5,Shipping  was  fast  and  the  item  was  well-packaged.,0,Positive,-1.0 to -0.5,
450,92,4,04-08-2024,5,Amazing  value  for  the  price.,0.7351,Positive,0.5 to 1.0,
451,68,11,18-04-2023,5,"Excellent  product,  highly  recommend!",0.7773,Positive,0.5 to 1.0,
452,42,19,28-08-2024,4,"Good  quality,  but  could  be  cheaper.",0.2382,Positive,0.01 to 0.49,
453,100,2,23-04-2023,4,Customer  support  was  very  helpful.,0.6997,Positive,0.5 to 1.0,
454,27,9,17-09-2025,4,Customer  support    was  very  helpful.,0.6997,Positive,0.5 to 1.0,
455,79,20,30-07-2024,3,"The  product  is  okay,  but  the  instructions  were  unclear.",-0.2617,Mixed Negative,-0.49 to 0.0,Quality & Performance
456,2,1,09-01-2024,2,Product  did  not  meet  my  expectations.,0,Negative,-1.0 to -0.5,Quality & Performance
457,29,1,12-12-2024,3,"The  product  is  okay,  but  the  instructions  were  unclear.",-0.2617,Mixed Negative,-0.49 to 0.0,Quality & Performance
458,42,20,05-07-2025,4,"Good  quality,  but  could  be  cheaper.",0.2382,Positive,0.01 to 0.49,
459,90,17,16-06-2023,4,Five  stars  for  the  quick  delivery.,0,Positive,-1.0 to -0.5,
460,92,16,09-08-2025,4,"Good  quality,  but  could  be  cheaper.",0.2382,Positive,0.01 to 0.49,
461,66,5,11-10-2025,4,The  quality  is  top-notch.,0,Positive,-1.0 to -0.5,
462,85,14,02-02-2023,5,The    build  quality  is  impressive.,0.5106,Positive,0.5 to 1.0,
463,5,2,02-11-2025,3,"Great  purchase,  very    satisfied.",0.8016,Mixed Positive,0.5 to 1.0,
464,73,11,28-05-2024,4,"Great  purchase,  very    satisfied.",0.8016,Positive,0.5 to 1.0,
465,43,12,14-12-2025,1,Disappointed    with  the  performance.,-0.4767,Negative,-0.49 to 0.0,Quality & Performance
466,49,16,16-02-2023,5,Shipping  was  fast  and  the  item  was  well-packaged.,0,Positive,-1.0 to -0.5,
467,29,16,16-07-2023,3,"The  product  is  okay,  but  the  instructions  were  unclear.",-0.2617,Mixed Negative,-0.49 to 0.0,Quality & Performance
468,12,12,09-01-2024,5,"Excellent  product,  highly  recommend!",0.7773,Positive,0.5 to 1.0,
469,54,13,06-10-2023,4,Customer  support  was  very  helpful.,0.6997,Positive,0.5 to 1.0,
470,46,1,24-10-2025,4,Customer  support  was  very  helpful.,0.6997,Positive,0.5 to 1.0,
471,88,4,26-04-2024,5,The  quality  is  top-notch.,0,Positive,-1.0 to -0.5,
472,69,8,05-12-2024,4,Shipping  was  fast  and  the  item  was  well-packaged.,0,Positive,-1.0 to -0.5,
473,7,19,03-08-2024,1,The  product  arrived  late.,0,Negative,-1.0 to -0.5,Service & Logistics
474,47,20,31-05-2025,3,"Good  quality,  but  could  be  cheaper.",0.2382,Mixed Positive,0.01 to 0.49,
475,74,20,18-04-2023,4,The  quality  is  top-notch.,0,Positive,-1.0 to -0.5,
476,54,10,12-12-2023,4,Customer  support    was  very  helpful.,0.6997,Positive,0.5 to 1.0,
477,91,10,25-04-2025,4,The    quality  is  top-notch.,0,Positive,-1.0 to -0.5,
478,79,6,23-07-2023,5,The  build  quality  is  impressive.,0.5106,Positive,0.5 to 1.0,
479,7,13,28-12-2024,4,Customer  support  was  very  helpful.,0.6997,Positive,0.5 to 1.0,
480,90,9,22-07-2023,5,"Great  purchase,  very  satisfied.",0.8016,Positive,0.5 to 1.0,
481,21,2,02-12-2024,4,Shipping  was  fast  and  the  item  was  well-packaged.,0,Positive,-1.0 to -0.5,
482,49,10,11-07-2025,5,Amazing  value  for  the  price.,0.7351,Positive,0.5 to 1.0,
483,28,20,29-06-2024,2,The  product  arrived  late.,0,Negative,-1.0 to -0.5,Service & Logistics
484,36,10,22-08-2023,1,The  product  arrived  late.,0,Negative,-1.0 to -0.5,Service & Logistics
485,66,18,10-06-2025,5,"I  love  this  product,  will  buy  again!",0.6696,Positive,0.5 to 1.0,
486,44,3,20-01-2024,3,Not  worth  the  money.,-0.1695,Mixed Negative,-0.49 to 0.0,Pricing & Value
487,78,3,01-05-2025,1,I  had  a  bad  experience  with  this  product.,-0.5423,Negative,-1.0 to -0.5,Quality & Performance
488,89,12,24-02-2025,5,Exceeded  my  expectations!,0,Positive,-1.0 to -0.5,
489,15,8,09-11-2023,4,Five  stars    for  the  quick  delivery.,0,Positive,-1.0 to -0.5,
490,46,11,05-07-2025,4,Five  stars  for  the  quick  delivery.,0,Positive,-1.0 to -0.5,
491,59,6,22-06-2023,4,"Great  purchase,  very  satisfied.",0.8016,Positive,0.5 to 1.0,
492,94,20,19-03-2025,2,"The  product  is  okay,  but  the  instructions  were  unclear.",-0.2617,Negative,-0.49 to 0.0,Quality & Performance
493,26,2,16-07-2024,5,"I  love  this  product,  will  buy  again!",0.6696,Positive,0.5 to 1.0,
494,2,13,25-05-2025,5,Five  stars  for  the  quick  delivery.,0,Positive,-1.0 to -0.5,
495,56,7,26-04-2023,4,Customer  support  was  very  helpful.,0.6997,Positive,0.5 to 1.0,
496,87,1,29-01-2024,5,Exceeded  my  expectations!,0,Positive,-1.0 to -0.5,
497,90,6,21-02-2024,4,Customer  support  was  very  helpful.,0.6997,Positive,0.5 to 1.0,
498,81,17,17-01-2025,3,"The  product  is  okay,  but  the  instructions  were  unclear.",-0.2617,Mixed Negative,-0.49 to 0.0,Quality & Performance
499,72,6,26-08-2024,4,Shipping  was  fast  and  the  item  was  well-packaged.,0,Positive,-1.0 to -0.5,
500,57,9,20-12-2025,2,Not  worth  the  money.,-0.1695,Negative,-0.49 to 0.0,Pricing & Value
501,39,12,01-12-2023,4,Customer  support  was    very  helpful.,0.6997,Positive,0.5 to 1.0,
502,5,1,10-11-2025,2,Product    did  not  meet  my  expectations.,0,Negative,-1.0 to -0.5,Quality & Performance
503,5,16,03-07-2024,2,Product  did  not  meet    my  expectations.,0,Negative,-1.0 to -0.5,Quality & Performance
504,35,8,18-01-2024,4,Five  stars  for  the  quick  delivery.,0,Positive,-1.0 to -0.5,
505,82,2,11-07-2024,5,"Great  purchase,  very  satisfied.",0.8016,Positive,0.5 to 1.0,
506,80,8,19-10-2025,2,"Average  experience,    nothing  special.",-0.3089,Negative,-0.49 to 0.0,Quality & Performance
507,66,3,10-12-2024,3,Customer  support    was  very  helpful.,0.6997,Mixed Positive,0.5 to 1.0,
508,64,14,19-01-2025,3,"Good  quality,  but  could  be    cheaper.",0.2382,Mixed Positive,0.01 to 0.49,
509,5,11,25-05-2024,5,The  quality  is  top-notch.,0,Positive,-1.0 to -0.5,
510,20,6,05-11-2024,4,"Great  purchase,  very  satisfied.",0.8016,Positive,0.5 to 1.0,
511,55,15,01-04-2025,1,Not    worth  the  money.,-0.1695,Negative,-0.49 to 0.0,Pricing & Value
512,11,1,15-01-2025,3,Shipping  was  fast  and  the  item  was  well-packaged.,0,Neutral,-1.0 to -0.5,
513,21,3,09-11-2025,5,Amazing  value    for  the  price.,0.7351,Positive,0.5 to 1.0,
514,72,15,18-06-2023,2,"Average  experience,  nothing  special.",-0.3089,Negative,-0.49 to 0.0,Quality & Performance
515,89,3,06-12-2024,3,"The  product  is  okay,  but  the  instructions  were  unclear.",-0.2617,Mixed Negative,-0.49 to 0.0,Quality & Performance
516,46,18,03-01-2025,4,The  quality    is  top-notch.,0,Positive,-1.0 to -0.5,
517,29,4,30-03-2024,5,"Great  purchase,  very    satisfied.",0.8016,Positive,0.5 to 1.0,
518,17,12,27-04-2024,4,"Good  quality,  but  could  be  cheaper.",0.2382,Positive,0.01 to 0.49,
519,58,4,06-03-2023,3,"The  product  is  okay,  but  the  instructions  were  unclear.",-0.2617,Mixed Negative,-0.49 to 0.0,Quality & Performance
520,63,1,24-08-2024,3,"Good  quality,  but  could  be  cheaper.",0.2382,Mixed Positive,0.01 to 0.49,
521,47,5,31-03-2024,2,Product  did  not  meet  my  expectations.,0,Negative,-1.0 to -0.5,Quality & Performance
522,8,10,04-08-2023,1,Product    did  not  meet  my  expectations.,0,Negative,-1.0 to -0.5,Quality & Performance
523,8,12,07-12-2023,5,Shipping  was  fast  and  the  item  was  well-packaged.,0,Positive,-1.0 to -0.5,
524,27,4,01-09-2025,4,The  quality  is  top-notch.,0,Positive,-1.0 to -0.5,
525,1,1,23-11-2023,4,"I  love  this  product,  will  buy  again!",0.6696,Positive,0.5 to 1.0,
526,74,3,20-05-2025,3,"Good    quality,  but  could  be  cheaper.",0.2382,Mixed Positive,0.01 to 0.49,
527,27,14,03-07-2024,3,Not  worth    the  money.,-0.1695,Mixed Negative,-0.49 to 0.0,Pricing & Value
528,81,16,09-11-2024,5,Five  stars  for  the  quick  delivery.,0,Positive,-1.0 to -0.5,
529,19,11,05-05-2025,4,Five  stars    for  the  quick  delivery.,0,Positive,-1.0 to -0.5,
530,48,10,24-11-2025,5,"Great  purchase,  very  satisfied.",0.8016,Positive,0.5 to 1.0,
531,65,3,21-07-2024,5,Exceeded  my  expectations!,0,Positive,-1.0 to -0.5,
532,6,6,30-05-2023,5,The  quality  is  top-notch.,0,Positive,-1.0 to -0.5,
533,92,6,06-04-2024,4,The  quality  is  top-notch.,0,Positive,-1.0 to -0.5,
534,41,2,02-07-2025,4,"Great  purchase,  very  satisfied.",0.8016,Positive,0.5 to 1.0,
535,85,13,25-03-2023,4,"I  love  this  product,  will  buy  again!",0.6696,Positive,0.5 to 1.0,
536,33,19,29-12-2024,2,Not  worth  the  money.,-0.1695,Negative,-0.49 to 0.0,Pricing & Value
537,8,9,11-03-2023,4,Shipping  was  fast  and  the  item    was  well-packaged.,0,Positive,-1.0 to -0.5,
538,29,16,12-11-2025,4,"Good  quality,  but  could  be  cheaper.",0.2382,Positive,0.01 to 0.49,
539,74,17,02-12-2024,4,The  quality  is  top-notch.,0,Positive,-1.0 to -0.5,
540,28,18,09-12-2025,3,"Good  quality,  but  could  be  cheaper.",0.2382,Mixed Positive,0.01 to 0.49,
541,73,20,08-08-2025,5,"I  love  this  product,  will  buy  again!",0.6696,Positive,0.5 to 1.0,
542,49,5,11-07-2023,1,"Not    satisfied,  the  product  broke  after  a  week.",-0.6288,Negative,-1.0 to -0.5,Quality & Performance
543,64,17,31-10-2023,5,The  build  quality  is  impressive.,0.5106,Positive,0.5 to 1.0,
544,65,6,29-10-2023,5,The  quality  is  top-notch.,0,Positive,-1.0 to -0.5,
545,45,13,11-06-2024,4,Customer  support  was  very  helpful.,0.6997,Positive,0.5 to 1.0,
546,33,1,14-11-2024,5,Exceeded  my  expectations!,0,Positive,-1.0 to -0.5,
547,28,11,28-05-2024,1,The  product  arrived  late.,0,Negative,-1.0 to -0.5,Service & Logistics
548,40,12,11-01-2023,5,Amazing  value  for  the  price.,0.7351,Positive,0.5 to 1.0,
549,73,15,06-04-2025,4,Five  stars  for  the  quick    delivery.,0,Positive,-1.0 to -0.5,
550,51,12,07-10-2024,3,Shipping  was  fast  and  the  item  was  well-packaged.,0,Neutral,-1.0 to -0.5,
551,45,2,17-04-2025,3,"Good  quality,  but  could  be  cheaper.",0.2382,Mixed Positive,0.01 to 0.49,
552,68,1,28-07-2023,4,"Great  purchase,  very  satisfied.",0.8016,Positive,0.5 to 1.0,
553,60,20,26-04-2025,5,Customer  support  was  very  helpful.,0.6997,Positive,0.5 to 1.0,
554,18,1,16-08-2024,2,The  product  arrived  late.,0,Negative,-1.0 to -0.5,Service & Logistics
555,69,18,24-11-2025,5,Customer  support  was  very  helpful.,0.6997,Positive,0.5 to 1.0,
556,91,6,04-01-2025,4,"Great  purchase,  very  satisfied.",0.8016,Positive,0.5 to 1.0,
557,55,10,28-07-2024,3,"Great  purchase,    very  satisfied.",0.8016,Mixed Positive,0.5 to 1.0,
558,83,13,11-02-2025,4,"I  love  this  product,  will  buy  again!",0.6696,Positive,0.5 to 1.0,
559,46,12,16-05-2024,4,"I  love  this  product,  will  buy  again!",0.6696,Positive,0.5 to 1.0,
560,24,6,08-11-2024,5,Exceeded  my  expectations!,0,Positive,-1.0 to -0.5,
561,6,5,27-02-2025,1,The  product  stopped  working  after  a  month.,-0.2263,Negative,-0.49 to 0.0,Quality & Performance
562,41,5,25-02-2024,3,Not  worth  the  money.,-0.1695,Mixed Negative,-0.49 to 0.0,Pricing & Value
563,86,13,27-02-2025,4,"Good  quality,  but  could  be  cheaper.",0.2382,Positive,0.01 to 0.49,
564,9,12,13-10-2025,5,Customer  support  was  very  helpful.,0.6997,Positive,0.5 to 1.0,
565,60,20,30-06-2024,1,"Terrible  customer  service,  would  not    buy  again.",-0.4767,Negative,-0.49 to 0.0,Service & Logistics
566,89,10,15-08-2025,4,Five    stars  for  the  quick  delivery.,0,Positive,-1.0 to -0.5,
567,78,16,21-02-2024,5,Shipping  was  fast  and  the  item  was  well-packaged.,0,Positive,-1.0 to -0.5,
568,17,13,04-08-2024,4,"I  love  this  product,  will  buy  again!",0.6696,Positive,0.5 to 1.0,
569,58,9,17-07-2024,5,Exceeded  my    expectations!,0,Positive,-1.0 to -0.5,
570,50,15,29-04-2025,4,Customer  support  was  very  helpful.,0.6997,Positive,0.5 to 1.0,
571,2,8,15-10-2024,3,"Average  experience,  nothing  special.",-0.3089,Mixed Negative,-0.49 to 0.0,Quality & Performance
572,37,16,23-04-2025,4,"Great  purchase,  very    satisfied.",0.8016,Positive,0.5 to 1.0,
573,57,8,27-04-2024,4,Customer  support  was  very  helpful.,0.6997,Positive,0.5 to 1.0,
574,72,9,13-10-2025,5,Shipping  was  fast  and  the  item  was  well-packaged.,0,Positive,-1.0 to -0.5,
575,93,14,19-09-2025,5,"Great  purchase,  very  satisfied.",0.8016,Positive,0.5 to 1.0,
576,71,9,04-10-2025,5,Amazing  value  for  the  price.,0.7351,Positive,0.5 to 1.0,
577,65,9,18-04-2024,4,"I  love  this  product,  will  buy  again!",0.6696,Positive,0.5 to 1.0,
578,32,15,01-08-2023,5,The  quality  is  top-notch.,0,Positive,-1.0 to -0.5,
579,24,8,16-01-2024,4,"Good  quality,  but  could  be  cheaper.",0.2382,Positive,0.01 to 0.49,
580,48,1,15-04-2025,3,"Average    experience,  nothing  special.",-0.3089,Mixed Negative,-0.49 to 0.0,Quality & Performance
581,69,18,19-03-2024,4,The  quality  is  top-notch.,0,Positive,-1.0 to -0.5,
582,65,9,29-01-2023,5,Exceeded  my    expectations!,0,Positive,-1.0 to -0.5,
583,88,8,03-07-2025,5,Five  stars  for  the  quick  delivery.,0,Positive,-1.0 to -0.5,
584,70,20,04-12-2024,4,Exceeded  my  expectations!,0,Positive,-1.0 to -0.5,
585,87,12,23-10-2025,4,"I  love  this  product,  will  buy  again!",0.6696,Positive,0.5 to 1.0,
586,7,17,11-04-2023,2,Not  worth  the  money.,-0.1695,Negative,-0.49 to 0.0,Pricing & Value
587,31,17,31-08-2025,3,Not  worth    the  money.,-0.1695,Mixed Negative,-0.49 to 0.0,Pricing & Value
588,39,18,03-09-2025,3,Shipping  was  fast  and  the  item  was  well-packaged.,0,Neutral,-1.0 to -0.5,
589,64,4,21-03-2024,3,Not    worth  the  money.,-0.1695,Mixed Negative,-0.49 to 0.0,Pricing & Value
590,27,4,13-09-2024,3,Not  worth  the  money.,-0.1695,Mixed Negative,-0.49 to 0.0,Pricing & Value
591,65,12,29-10-2024,5,Five  stars    for  the  quick  delivery.,0,Positive,-1.0 to -0.5,
592,100,1,18-01-2025,3,"The  product  is  okay,  but  the  instructions  were  unclear.",-0.2617,Mixed Negative,-0.49 to 0.0,Quality & Performance
593,62,8,12-06-2025,5,The  build  quality  is  impressive.,0.5106,Positive,0.5 to 1.0,
594,14,4,01-10-2025,2,Not  worth  the  money.,-0.1695,Negative,-0.49 to 0.0,Pricing & Value
595,46,5,18-09-2025,4,Exceeded    my  expectations!,0,Positive,-1.0 to -0.5,
596,48,15,27-06-2025,3,"Good  quality,  but  could    be  cheaper.",0.2382,Mixed Positive,0.01 to 0.49,
597,11,1,07-09-2025,5,The  quality  is  top-notch.,0,Positive,-1.0 to -0.5,
598,3,2,04-08-2023,5,Amazing  value  for  the  price.,0.7351,Positive,0.5 to 1.0,
599,94,19,01-08-2025,5,Customer  support  was  very  helpful.,0.6997,Positive,0.5 to 1.0,
600,65,3,11-01-2025,2,Not  worth    the  money.,-0.1695,Negative,-0.49 to 0.0,Pricing & Value
601,25,11,31-07-2025,5,Amazing    value  for  the  price.,0.7351,Positive,0.5 to 1.0,
602,56,8,08-02-2023,3,Not  worth  the  money.,-0.1695,Mixed Negative,-0.49 to 0.0,Pricing & Value
603,88,4,02-07-2024,5,Exceeded  my  expectations!,0,Positive,-1.0 to -0.5,
604,87,2,10-06-2023,3,"Average  experience,  nothing    special.",-0.3089,Mixed Negative,-0.49 to 0.0,Quality & Performance
605,1,3,17-06-2023,3,"The  product  is  okay,  but  the  instructions  were  unclear.",-0.2617,Mixed Negative,-0.49 to 0.0,Quality & Performance
606,48,8,14-10-2023,5,The  build  quality  is  impressive.,0.5106,Positive,0.5 to 1.0,
607,25,14,07-07-2025,3,"Great  purchase,  very  satisfied.",0.8016,Mixed Positive,0.5 to 1.0,
608,7,9,21-03-2023,4,"Great  purchase,  very  satisfied.",0.8016,Positive,0.5 to 1.0,
609,40,10,23-10-2025,3,"Average  experience,  nothing  special.",-0.3089,Mixed Negative,-0.49 to 0.0,Quality & Performance
610,69,3,29-01-2025,5,"Great  purchase,  very  satisfied.",0.8016,Positive,0.5 to 1.0,
611,6,4,06-12-2023,2,"Average  experience,  nothing  special.",-0.3089,Negative,-0.49 to 0.0,Quality & Performance
612,38,2,17-06-2025,4,"I  love  this  product,  will  buy  again!",0.6696,Positive,0.5 to 1.0,
613,48,12,10-02-2025,3,"The  product  is  okay,  but  the  instructions    were  unclear.",-0.2617,Mixed Negative,-0.49 to 0.0,Quality & Performance
614,23,2,20-01-2025,3,"I  love  this  product,  will  buy  again!",0.6696,Mixed Positive,0.5 to 1.0,
615,98,1,08-01-2025,5,"Excellent    product,  highly  recommend!",0.7773,Positive,0.5 to 1.0,
616,38,20,14-11-2023,5,Shipping  was  fast  and  the  item  was  well-packaged.,0,Positive,-1.0 to -0.5,
617,29,15,22-12-2025,4,Customer  support  was  very  helpful.,0.6997,Positive,0.5 to 1.0,
618,45,7,21-08-2024,4,Shipping  was  fast  and  the  item    was  well-packaged.,0,Positive,-1.0 to -0.5,
619,68,14,06-12-2023,5,Customer  support  was  very  helpful.,0.6997,Positive,0.5 to 1.0,
620,100,1,22-10-2024,5,Five  stars  for  the  quick  delivery.,0,Positive,-1.0 to -0.5,
621,70,14,13-05-2025,2,The  product  arrived  late.,0,Negative,-1.0 to -0.5,Service & Logistics
622,30,4,22-12-2025,4,The  quality    is  top-notch.,0,Positive,-1.0 to -0.5,
623,5,1,15-06-2025,3,"Good  quality,  but  could  be  cheaper.",0.2382,Mixed Positive,0.01 to 0.49,
624,82,14,28-11-2023,5,Customer  support  was  very  helpful.,0.6997,Positive,0.5 to 1.0,
625,32,10,20-02-2023,5,"Great  purchase,  very    satisfied.",0.8016,Positive,0.5 to 1.0,
626,38,11,18-12-2025,5,Exceeded  my  expectations!,0,Positive,-1.0 to -0.5,
627,18,6,26-06-2023,5,Amazing  value  for    the  price.,0.7351,Positive,0.5 to 1.0,
628,22,4,30-08-2025,3,"Average  experience,  nothing  special.",-0.3089,Mixed Negative,-0.49 to 0.0,Quality & Performance
629,16,20,28-07-2024,5,Exceeded  my    expectations!,0,Positive,-1.0 to -0.5,
630,31,10,14-08-2024,4,The  quality  is    top-notch.,0,Positive,-1.0 to -0.5,
631,73,12,30-10-2024,4,"Good  quality,  but  could  be    cheaper.",0.2382,Positive,0.01 to 0.49,
632,40,20,24-02-2023,3,"Average  experience,    nothing  special.",-0.3089,Mixed Negative,-0.49 to 0.0,Quality & Performance
633,52,3,26-12-2023,2,The    product  arrived  late.,0,Negative,-1.0 to -0.5,Service & Logistics
634,27,13,25-02-2024,4,"Good  quality,  but  could  be    cheaper.",0.2382,Positive,0.01 to 0.49,
635,85,16,22-02-2023,3,"The  product  is  okay,  but  the  instructions  were    unclear.",-0.2617,Mixed Negative,-0.49 to 0.0,Quality & Performance
636,37,13,18-12-2023,4,Shipping  was  fast  and  the  item  was  well-packaged.,0,Positive,-1.0 to -0.5,
637,17,7,21-08-2024,3,"Good  quality,  but  could  be  cheaper.",0.2382,Mixed Positive,0.01 to 0.49,
638,63,16,23-08-2025,2,"Good  quality,  but  could  be  cheaper.",0.2382,Mixed Negative,0.01 to 0.49,Quality & Performance
639,14,12,07-07-2024,5,Amazing  value  for  the  price.,0.7351,Positive,0.5 to 1.0,
640,23,14,09-08-2024,3,"The  product  is  okay,    but  the  instructions  were  unclear.",-0.2617,Mixed Negative,-0.49 to 0.0,Quality & Performance
641,58,9,05-01-2024,1,I  had  a  bad  experience  with  this  product.,-0.5423,Negative,-1.0 to -0.5,Quality & Performance
642,53,17,28-04-2025,2,Disappointed  with  the  performance.,-0.4767,Negative,-0.49 to 0.0,Quality & Performance
643,89,16,07-01-2024,5,"Excellent  product,  highly  recommend!",0.7773,Positive,0.5 to 1.0,
644,97,10,25-11-2023,5,Customer  support  was  very  helpful.,0.6997,Positive,0.5 to 1.0,
645,23,20,02-11-2023,5,Customer  support    was  very  helpful.,0.6997,Positive,0.5 to 1.0,
646,75,2,09-10-2023,5,"I    love  this  product,  will  buy  again!",0.6696,Positive,0.5 to 1.0,
647,68,2,03-01-2023,4,Customer  support  was    very  helpful.,0.6997,Positive,0.5 to 1.0,
648,76,5,19-03-2023,4,"I  love  this  product,  will  buy  again!",0.6696,Positive,0.5 to 1.0,
649,8,17,05-02-2025,2,Not  worth  the  money.,-0.1695,Negative,-0.49 to 0.0,Pricing & Value
650,28,3,08-11-2024,4,Five  stars  for  the  quick  delivery.,0,Positive,-1.0 to -0.5,
651,38,9,10-09-2024,4,"Good  quality,  but  could  be  cheaper.",0.2382,Positive,0.01 to 0.49,
652,39,19,06-05-2025,5,The  quality  is  top-notch.,0,Positive,-1.0 to -0.5,
653,66,16,14-01-2025,5,Amazing  value  for  the  price.,0.7351,Positive,0.5 to 1.0,
654,46,8,01-01-2023,1,The  color  was  different  from  what  was  shown.,0,Negative,-1.0 to -0.5,Quality & Performance
655,63,16,06-04-2023,4,The  quality  is  top-notch.,0,Positive,-1.0 to -0.5,
656,17,11,22-07-2024,3,"Good  quality,    but  could  be  cheaper.",0.2382,Mixed Positive,0.01 to 0.49,
657,35,11,18-10-2025,5,"Excellent  product,  highly  recommend!",0.7773,Positive,0.5 to 1.0,
658,3,18,16-06-2025,1,Not  worth  the    money.,-0.1695,Negative,-0.49 to 0.0,Pricing & Value
659,29,20,16-03-2023,5,The  build  quality  is  impressive.,0.5106,Positive,0.5 to 1.0,
660,62,5,06-10-2023,5,Shipping  was  fast  and  the  item  was  well-packaged.,0,Positive,-1.0 to -0.5,
661,40,18,20-09-2025,2,"Average  experience,  nothing  special.",-0.3089,Negative,-0.49 to 0.0,Quality & Performance
662,15,5,24-03-2025,4,Shipping  was  fast  and  the  item  was  well-packaged.,0,Positive,-1.0 to -0.5,
663,23,10,26-05-2025,5,"Excellent  product,  highly    recommend!",0.7773,Positive,0.5 to 1.0,
664,31,16,11-08-2025,3,"The  product  is  okay,  but  the  instructions  were  unclear.",-0.2617,Mixed Negative,-0.49 to 0.0,Quality & Performance
665,99,12,03-01-2024,2,Product  did  not  meet  my  expectations.,0,Negative,-1.0 to -0.5,Quality & Performance
666,53,19,25-05-2024,3,Not    worth  the  money.,-0.1695,Mixed Negative,-0.49 to 0.0,Pricing & Value
667,80,14,08-01-2024,4,The  quality    is  top-notch.,0,Positive,-1.0 to -0.5,
668,55,4,25-04-2024,5,"Excellent  product,    highly  recommend!",0.7773,Positive,0.5 to 1.0,
669,19,19,31-12-2025,4,Five  stars  for  the  quick  delivery.,0,Positive,-1.0 to -0.5,
670,53,13,31-03-2024,5,The  build  quality  is    impressive.,0.5106,Positive,0.5 to 1.0,
671,24,5,28-03-2023,3,"The  product  is  okay,  but  the  instructions  were  unclear.",-0.2617,Mixed Negative,-0.49 to 0.0,Quality & Performance
672,95,14,15-02-2025,5,"Great    purchase,  very  satisfied.",0.8016,Positive,0.5 to 1.0,
673,74,12,16-10-2025,4,Customer  support  was  very  helpful.,0.6997,Positive,0.5 to 1.0,
674,29,1,30-08-2023,3,"The  product  is  okay,  but  the  instructions  were  unclear.",-0.2617,Mixed Negative,-0.49 to 0.0,Quality & Performance
675,24,9,07-02-2025,2,Not  worth  the  money.,-0.1695,Negative,-0.49 to 0.0,Pricing & Value
676,6,12,14-03-2024,5,The  build  quality  is    impressive.,0.5106,Positive,0.5 to 1.0,
677,6,17,29-03-2024,4,Five    stars  for  the  quick  delivery.,0,Positive,-1.0 to -0.5,
678,49,9,19-05-2025,3,"Average  experience,  nothing  special.",-0.3089,Mixed Negative,-0.49 to 0.0,Quality & Performance
679,10,8,29-09-2025,2,Not  worth  the  money.,-0.1695,Negative,-0.49 to 0.0,Pricing & Value
680,60,20,12-06-2025,4,Exceeded  my    expectations!,0,Positive,-1.0 to -0.5,
681,48,16,21-03-2024,5,The  quality  is  top-notch.,0,Positive,-1.0 to -0.5,
682,80,11,05-01-2023,1,"Not  satisfied,  the  product  broke  after  a  week.",-0.6288,Negative,-1.0 to -0.5,Quality & Performance
683,22,10,06-04-2025,3,"Good  quality,  but  could  be  cheaper.",0.2382,Mixed Positive,0.01 to 0.49,
684,92,12,12-01-2025,2,Product  did  not  meet  my  expectations.,0,Negative,-1.0 to -0.5,Quality & Performance
685,86,14,22-03-2024,1,The  color  was  different  from  what  was  shown.,0,Negative,-1.0 to -0.5,Quality & Performance
686,31,17,09-05-2023,5,"I    love  this  product,  will  buy  again!",0.6696,Positive,0.5 to 1.0,
687,86,17,16-07-2023,2,Not  worth  the  money.,-0.1695,Negative,-0.49 to 0.0,Pricing & Value
688,32,12,07-07-2025,4,Customer  support  was  very  helpful.,0.6997,Positive,0.5 to 1.0,
689,34,16,23-04-2025,4,Customer  support  was  very  helpful.,0.6997,Positive,0.5 to 1.0,
690,61,19,11-10-2023,4,Five  stars  for  the  quick  delivery.,0,Positive,-1.0 to -0.5,
691,40,7,27-07-2024,3,Five  stars  for  the  quick  delivery.,0,Neutral,-1.0 to -0.5,
692,64,10,22-12-2023,3,Not  worth  the    money.,-0.1695,Mixed Negative,-0.49 to 0.0,Pricing & Value
693,58,10,31-08-2023,5,The  build  quality  is    impressive.,0.5106,Positive,0.5 to 1.0,
694,27,13,05-07-2024,3,"Average  experience,  nothing  special.",-0.3089,Mixed Negative,-0.49 to 0.0,Quality & Performance
695,13,14,15-09-2023,4,Customer  support    was  very  helpful.,0.6997,Positive,0.5 to 1.0,
696,48,11,07-10-2023,4,Five  stars  for  the  quick  delivery.,0,Positive,-1.0 to -0.5,
697,13,7,21-09-2024,4,"Great  purchase,  very  satisfied.",0.8016,Positive,0.5 to 1.0,
698,4,18,28-06-2023,3,"The  product  is  okay,  but  the  instructions  were  unclear.",-0.2617,Mixed Negative,-0.49 to 0.0,Quality & Performance
699,42,19,30-01-2023,3,Not  worth  the  money.,-0.1695,Mixed Negative,-0.49 to 0.0,Pricing & Value
700,14,2,23-11-2023,4,"I    love  this  product,  will  buy  again!",0.6696,Positive,0.5 to 1.0,
701,68,4,02-01-2023,5,Shipping  was  fast  and  the  item  was  well-packaged.,0,Positive,-1.0 to -0.5,
702,92,3,06-02-2025,3,Not  worth  the  money.,-0.1695,Mixed Negative,-0.49 to 0.0,Pricing & Value
703,3,16,17-04-2024,5,Five  stars  for  the  quick  delivery.,0,Positive,-1.0 to -0.5,
704,8,20,26-09-2024,5,Exceeded  my  expectations!,0,Positive,-1.0 to -0.5,
705,88,11,25-05-2025,5,Exceeded    my  expectations!,0,Positive,-1.0 to -0.5,
706,75,5,03-01-2024,5,Exceeded  my    expectations!,0,Positive,-1.0 to -0.5,
707,96,16,08-08-2024,2,Not  worth  the  money.,-0.1695,Negative,-0.49 to 0.0,Pricing & Value
708,70,17,20-01-2024,5,The  build  quality  is  impressive.,0.5106,Positive,0.5 to 1.0,
709,1,16,25-02-2023,5,Customer  support  was  very  helpful.,0.6997,Positive,0.5 to 1.0,
710,88,7,26-09-2025,5,Customer  support  was  very  helpful.,0.6997,Positive,0.5 to 1.0,
711,39,12,07-12-2023,5,"Excellent    product,  highly  recommend!",0.7773,Positive,0.5 to 1.0,
712,53,17,17-09-2024,3,Not  worth  the  money.,-0.1695,Mixed Negative,-0.49 to 0.0,Pricing & Value
713,55,12,12-12-2024,4,"I  love  this  product,  will  buy  again!",0.6696,Positive,0.5 to 1.0,
714,76,2,11-01-2023,4,"Good  quality,  but  could  be  cheaper.",0.2382,Positive,0.01 to 0.49,
715,13,2,26-03-2024,4,"Great  purchase,  very  satisfied.",0.8016,Positive,0.5 to 1.0,
716,64,2,12-08-2023,3,"Good  quality,  but  could  be  cheaper.",0.2382,Mixed Positive,0.01 to 0.49,
717,82,1,07-03-2025,5,Exceeded  my  expectations!,0,Positive,-1.0 to -0.5,
718,30,20,19-05-2023,1,"Terrible  customer  service,  would  not  buy  again.",-0.4767,Negative,-0.49 to 0.0,Service & Logistics
719,24,4,03-12-2025,2,"The  product  is  okay,  but  the  instructions  were  unclear.",-0.2617,Negative,-0.49 to 0.0,Quality & Performance
720,41,4,05-08-2025,5,Shipping  was  fast  and  the  item  was    well-packaged.,0,Positive,-1.0 to -0.5,
721,4,15,25-09-2024,2,Not    worth  the  money.,-0.1695,Negative,-0.49 to 0.0,Pricing & Value
722,68,16,14-10-2025,4,The  quality  is  top-notch.,0,Positive,-1.0 to -0.5,
723,84,7,22-11-2023,2,The  product  arrived  late.,0,Negative,-1.0 to -0.5,Service & Logistics
724,31,3,21-01-2024,4,Shipping  was  fast  and  the  item  was  well-packaged.,0,Positive,-1.0 to -0.5,
725,13,6,30-09-2025,4,The  quality  is  top-notch.,0,Positive,-1.0 to -0.5,
726,33,20,16-10-2024,5,Customer  support  was    very  helpful.,0.6997,Positive,0.5 to 1.0,
727,39,1,24-09-2025,3,"Average  experience,  nothing  special.",-0.3089,Mixed Negative,-0.49 to 0.0,Quality & Performance
728,30,1,23-08-2024,5,Customer  support  was  very  helpful.,0.6997,Positive,0.5 to 1.0,
729,99,9,17-03-2023,1,Not  worth  the  money.,-0.1695,Negative,-0.49 to 0.0,Pricing & Value
730,67,6,15-01-2025,4,The  quality  is    top-notch.,0,Positive,-1.0 to -0.5,
731,4,7,13-07-2023,5,The  build    quality  is  impressive.,0.5106,Positive,0.5 to 1.0,
732,56,20,02-03-2025,4,"Excellent  product,  highly  recommend!",0.7773,Positive,0.5 to 1.0,
733,75,13,07-11-2024,4,Customer  support  was  very  helpful.,0.6997,Positive,0.5 to 1.0,
734,63,2,10-03-2024,5,Five  stars  for  the  quick  delivery.,0,Positive,-1.0 to -0.5,
735,22,15,02-03-2024,4,Customer  support  was  very  helpful.,0.6997,Positive,0.5 to 1.0,
736,72,6,17-10-2023,5,"Excellent  product,  highly  recommend!",0.7773,Positive,0.5 to 1.0,
737,45,15,11-10-2023,3,Not  worth  the  money.,-0.1695,Mixed Negative,-0.49 to 0.0,Pricing & Value
738,3,12,22-08-2025,4,"Good  quality,  but  could  be  cheaper.",0.2382,Positive,0.01 to 0.49,
739,70,18,05-07-2023,3,"Average  experience,  nothing  special.",-0.3089,Mixed Negative,-0.49 to 0.0,Quality & Performance
740,33,5,05-02-2025,2,"Good  quality,  but  could  be  cheaper.",0.2382,Mixed Negative,0.01 to 0.49,Quality & Performance
741,3,9,24-05-2025,3,Not    worth  the  money.,-0.1695,Mixed Negative,-0.49 to 0.0,Pricing & Value
742,84,7,03-03-2025,3,"Good  quality,  but  could  be  cheaper.",0.2382,Mixed Positive,0.01 to 0.49,
743,89,3,15-05-2023,3,Not  worth  the  money.,-0.1695,Mixed Negative,-0.49 to 0.0,Pricing & Value
744,63,19,31-03-2023,3,Not  worth  the  money.,-0.1695,Mixed Negative,-0.49 to 0.0,Pricing & Value
745,85,12,17-05-2024,5,Exceeded  my  expectations!,0,Positive,-1.0 to -0.5,
746,24,13,28-03-2024,5,"I  love    this  product,  will  buy  again!",0.6696,Positive,0.5 to 1.0,
747,84,1,27-04-2023,5,"I  love  this  product,  will  buy  again!",0.6696,Positive,0.5 to 1.0,
748,100,13,15-09-2025,3,"Great  purchase,    very  satisfied.",0.8016,Mixed Positive,0.5 to 1.0,
749,64,13,28-06-2025,2,Not  worth  the  money.,-0.1695,Negative,-0.49 to 0.0,Pricing & Value
750,3,5,20-06-2024,4,The    quality  is  top-notch.,0,Positive,-1.0 to -0.5,
751,58,17,11-07-2025,5,"I  love  this  product,  will  buy  again!",0.6696,Positive,0.5 to 1.0,
752,7,12,11-10-2024,1,Not  worth  the  money.,-0.1695,Negative,-0.49 to 0.0,Pricing & Value
753,94,4,29-01-2023,5,The  build  quality  is  impressive.,0.5106,Positive,0.5 to 1.0,
754,55,11,11-07-2025,4,The  quality  is  top-notch.,0,Positive,-1.0 to -0.5,
755,27,15,31-03-2024,4,"Great  purchase,  very  satisfied.",0.8016,Positive,0.5 to 1.0,
756,94,8,25-03-2025,4,"Good  quality,  but  could  be  cheaper.",0.2382,Positive,0.01 to 0.49,
757,8,13,27-09-2023,4,Shipping  was  fast  and  the  item  was  well-packaged.,0,Positive,-1.0 to -0.5,
758,53,1,23-05-2024,2,"Average  experience,  nothing    special.",-0.3089,Negative,-0.49 to 0.0,Quality & Performance
759,21,16,13-12-2024,2,Product  did  not  meet  my  expectations.,0,Negative,-1.0 to -0.5,Quality & Performance
760,100,5,18-12-2025,3,Not    worth  the  money.,-0.1695,Mixed Negative,-0.49 to 0.0,Pricing & Value
761,49,16,17-03-2025,3,Customer  support  was  very  helpful.,0.6997,Mixed Positive,0.5 to 1.0,
762,39,13,31-05-2025,4,Shipping  was  fast  and  the  item  was  well-packaged.,0,Positive,-1.0 to -0.5,
763,54,16,16-08-2023,3,"The  product  is  okay,  but  the  instructions  were  unclear.",-0.2617,Mixed Negative,-0.49 to 0.0,Quality & Performance
764,84,11,08-07-2024,1,"Terrible  customer  service,  would  not  buy  again.",-0.4767,Negative,-0.49 to 0.0,Service & Logistics
765,74,18,11-12-2024,1,Disappointed  with  the  performance.,-0.4767,Negative,-0.49 to 0.0,Quality & Performance
766,83,7,31-07-2025,4,Five  stars  for  the  quick  delivery.,0,Positive,-1.0 to -0.5,
767,48,11,09-10-2023,5,Exceeded    my  expectations!,0,Positive,-1.0 to -0.5,
768,24,16,18-02-2023,4,Shipping  was  fast  and  the  item  was  well-packaged.,0,Positive,-1.0 to -0.5,
769,77,7,02-09-2024,5,"Excellent  product,    highly  recommend!",0.7773,Positive,0.5 to 1.0,
770,52,1,02-02-2025,4,Customer  support  was  very  helpful.,0.6997,Positive,0.5 to 1.0,
771,32,12,21-03-2025,4,"Good  quality,  but  could  be  cheaper.",0.2382,Positive,0.01 to 0.49,
772,62,4,13-09-2023,4,Five    stars  for  the  quick  delivery.,0,Positive,-1.0 to -0.5,
773,17,14,21-06-2024,2,Disappointed  with  the  performance.,-0.4767,Negative,-0.49 to 0.0,Quality & Performance
774,46,6,10-12-2025,5,"Great  purchase,    very  satisfied.",0.8016,Positive,0.5 to 1.0,
775,13,16,31-08-2025,4,"Great  purchase,  very    satisfied.",0.8016,Positive,0.5 to 1.0,
776,17,13,12-01-2023,5,Customer  support  was  very  helpful.,0.6997,Positive,0.5 to 1.0,
777,81,6,14-02-2024,5,Five  stars  for  the  quick  delivery.,0,Positive,-1.0 to -0.5,
778,97,7,11-06-2025,5,The  quality  is    top-notch.,0,Positive,-1.0 to -0.5,
779,66,17,25-05-2025,5,Five  stars  for  the  quick  delivery.,0,Positive,-1.0 to -0.5,
780,83,1,23-10-2025,5,The  build  quality  is  impressive.,0.5106,Positive,0.5 to 1.0,
781,68,13,06-06-2024,5,Exceeded  my  expectations!,0,Positive,-1.0 to -0.5,
782,25,3,19-08-2024,5,Customer  support  was  very  helpful.,0.6997,Positive,0.5 to 1.0,
783,21,18,30-11-2024,5,The  build  quality  is  impressive.,0.5106,Positive,0.5 to 1.0,
784,22,16,09-12-2024,2,"The  product  is  okay,  but  the  instructions  were  unclear.",-0.2617,Negative,-0.49 to 0.0,Quality & Performance
785,9,10,11-10-2025,4,"I  love  this  product,  will  buy  again!",0.6696,Positive,0.5 to 1.0,
786,37,13,29-07-2025,5,Five  stars  for  the  quick  delivery.,0,Positive,-1.0 to -0.5,
787,59,5,08-08-2024,3,"Average  experience,  nothing  special.",-0.3089,Mixed Negative,-0.49 to 0.0,Quality & Performance
788,83,15,16-05-2025,3,Customer  support  was    very  helpful.,0.6997,Mixed Positive,0.5 to 1.0,
789,7,17,08-04-2023,5,Amazing  value  for  the  price.,0.7351,Positive,0.5 to 1.0,
790,73,9,08-06-2024,4,Shipping  was  fast  and  the  item  was  well-packaged.,0,Positive,-1.0 to -0.5,
791,11,18,27-06-2023,3,"Average  experience,  nothing    special.",-0.3089,Mixed Negative,-0.49 to 0.0,Quality & Performance
792,88,14,29-07-2023,3,"The  product  is    okay,  but  the  instructions  were  unclear.",-0.2617,Mixed Negative,-0.49 to 0.0,Quality & Performance
793,53,7,21-05-2025,5,"I  love  this  product,  will  buy  again!",0.6696,Positive,0.5 to 1.0,
794,24,17,03-12-2024,5,"Excellent  product,  highly  recommend!",0.7773,Positive,0.5 to 1.0,
795,4,14,16-12-2024,5,Customer  support  was  very  helpful.,0.6997,Positive,0.5 to 1.0,
796,27,17,27-02-2025,5,The  build  quality  is  impressive.,0.5106,Positive,0.5 to 1.0,
797,68,19,22-02-2025,5,The  quality  is    top-notch.,0,Positive,-1.0 to -0.5,
798,95,13,22-08-2023,2,"Average  experience,  nothing  special.",-0.3089,Negative,-0.49 to 0.0,Quality & Performance
799,96,9,17-07-2025,3,"Average  experience,  nothing  special.",-0.3089,Mixed Negative,-0.49 to 0.0,Quality & Performance
800,74,8,23-05-2024,5,Five  stars  for  the  quick  delivery.,0,Positive,-1.0 to -0.5,
801,36,10,09-01-2023,2,Not  worth  the  money.,-0.1695,Negative,-0.49 to 0.0,Pricing & Value
802,12,16,04-03-2023,5,Shipping  was  fast  and  the  item  was  well-packaged.,0,Positive,-1.0 to -0.5,
803,6,11,22-09-2023,4,"I  love  this  product,  will  buy  again!",0.6696,Positive,0.5 to 1.0,
804,16,8,22-09-2025,3,"Good  quality,  but  could  be  cheaper.",0.2382,Mixed Positive,0.01 to 0.49,
805,76,20,28-10-2024,2,Not  worth  the  money.,-0.1695,Negative,-0.49 to 0.0,Pricing & Value
806,18,9,28-08-2023,5,The  quality  is  top-notch.,0,Positive,-1.0 to -0.5,
807,68,8,06-03-2025,3,"The  product  is  okay,  but  the  instructions  were  unclear.",-0.2617,Mixed Negative,-0.49 to 0.0,Quality & Performance
808,49,6,12-12-2025,3,"Good  quality,  but  could  be    cheaper.",0.2382,Mixed Positive,0.01 to 0.49,
809,37,17,20-08-2023,2,Product  did  not  meet  my    expectations.,0,Negative,-1.0 to -0.5,Quality & Performance
810,56,2,24-06-2025,2,Disappointed  with  the  performance.,-0.4767,Negative,-0.49 to 0.0,Quality & Performance
811,10,2,28-01-2024,3,"The  product  is  okay,  but  the  instructions  were  unclear.",-0.2617,Mixed Negative,-0.49 to 0.0,Quality & Performance
812,80,20,19-04-2025,4,"I  love  this  product,  will    buy  again!",0.6696,Positive,0.5 to 1.0,
813,58,15,28-03-2024,5,The  quality  is  top-notch.,0,Positive,-1.0 to -0.5,
814,93,3,28-10-2024,3,Not  worth  the  money.,-0.1695,Mixed Negative,-0.49 to 0.0,Pricing & Value
815,72,6,19-11-2025,1,I  had  a  bad  experience    with  this  product.,-0.5423,Negative,-1.0 to -0.5,Quality & Performance
816,91,1,11-01-2024,4,"Great  purchase,    very  satisfied.",0.8016,Positive,0.5 to 1.0,
817,6,15,17-11-2024,3,Five  stars  for  the  quick  delivery.,0,Neutral,-1.0 to -0.5,
818,55,20,11-12-2023,3,"Average  experience,  nothing    special.",-0.3089,Mixed Negative,-0.49 to 0.0,Quality & Performance
819,20,15,12-05-2024,4,Shipping  was  fast  and  the  item    was  well-packaged.,0,Positive,-1.0 to -0.5,
820,47,19,10-04-2023,3,Not  worth  the  money.,-0.1695,Mixed Negative,-0.49 to 0.0,Pricing & Value
821,98,12,19-10-2025,3,"The  product  is  okay,  but  the  instructions  were  unclear.",-0.2617,Mixed Negative,-0.49 to 0.0,Quality & Performance
822,47,15,28-01-2023,4,"Great  purchase,  very  satisfied.",0.8016,Positive,0.5 to 1.0,
823,59,14,29-09-2024,5,Five    stars  for  the  quick  delivery.,0,Positive,-1.0 to -0.5,
824,77,13,30-07-2024,3,"Good  quality,  but  could  be  cheaper.",0.2382,Mixed Positive,0.01 to 0.49,
825,21,18,10-01-2023,1,"Not  satisfied,  the  product  broke  after  a  week.",-0.6288,Negative,-1.0 to -0.5,Quality & Performance
826,8,11,29-10-2024,4,"Great  purchase,  very  satisfied.",0.8016,Positive,0.5 to 1.0,
827,84,18,05-04-2025,5,Shipping  was  fast  and  the  item  was  well-packaged.,0,Positive,-1.0 to -0.5,
828,53,20,28-02-2025,5,"I  love  this  product,  will  buy  again!",0.6696,Positive,0.5 to 1.0,
829,31,9,17-05-2023,4,"Great  purchase,  very  satisfied.",0.8016,Positive,0.5 to 1.0,
830,61,19,23-07-2025,2,"Average  experience,  nothing    special.",-0.3089,Negative,-0.49 to 0.0,Quality & Performance
831,48,17,30-08-2025,3,Not  worth  the  money.,-0.1695,Mixed Negative,-0.49 to 0.0,Pricing & Value
832,44,17,23-04-2024,3,"Average  experience,  nothing  special.",-0.3089,Mixed Negative,-0.49 to 0.0,Quality & Performance
833,31,18,29-08-2023,5,Exceeded  my    expectations!,0,Positive,-1.0 to -0.5,
834,74,1,21-09-2025,2,"Average    experience,  nothing  special.",-0.3089,Negative,-0.49 to 0.0,Quality & Performance
835,12,12,07-05-2024,5,Exceeded  my  expectations!,0,Positive,-1.0 to -0.5,
836,52,9,25-10-2023,1,Product  did    not  meet  my  expectations.,0,Negative,-1.0 to -0.5,Quality & Performance
837,19,16,11-12-2023,5,Customer  support  was  very  helpful.,0.6997,Positive,0.5 to 1.0,
838,61,17,21-04-2024,5,Shipping  was  fast  and  the    item  was  well-packaged.,0,Positive,-1.0 to -0.5,
839,79,7,02-08-2024,4,Shipping    was  fast  and  the  item  was  well-packaged.,0,Positive,-1.0 to -0.5,
840,44,10,30-01-2023,4,The  quality  is  top-notch.,0,Positive,-1.0 to -0.5,
841,88,10,25-08-2023,3,"The  product  is  okay,  but  the  instructions  were  unclear.",-0.2617,Mixed Negative,-0.49 to 0.0,Quality & Performance
842,70,17,03-10-2024,5,The  build  quality  is  impressive.,0.5106,Positive,0.5 to 1.0,
843,51,13,28-08-2025,2,Not  worth    the  money.,-0.1695,Negative,-0.49 to 0.0,Pricing & Value
844,66,10,01-07-2023,4,"I  love  this  product,  will    buy  again!",0.6696,Positive,0.5 to 1.0,
845,89,7,26-07-2023,3,"The  product  is  okay,  but  the  instructions  were  unclear.",-0.2617,Mixed Negative,-0.49 to 0.0,Quality & Performance
846,17,17,22-04-2024,4,The  quality  is  top-notch.,0,Positive,-1.0 to -0.5,
847,6,5,29-05-2025,1,"Terrible  customer  service,  would  not  buy  again.",-0.4767,Negative,-0.49 to 0.0,Service & Logistics
848,6,18,08-03-2023,1,The  product  stopped  working  after  a  month.,-0.2263,Negative,-0.49 to 0.0,Quality & Performance
849,78,10,01-02-2025,2,"Good  quality,  but  could  be  cheaper.",0.2382,Mixed Negative,0.01 to 0.49,Quality & Performance
850,89,12,24-07-2023,4,The  quality  is  top-notch.,0,Positive,-1.0 to -0.5,
851,31,12,29-11-2025,5,The  quality  is  top-notch.,0,Positive,-1.0 to -0.5,
852,37,11,03-12-2024,4,Customer  support  was  very  helpful.,0.6997,Positive,0.5 to 1.0,
853,42,11,19-05-2023,3,"The  product  is  okay,  but    the  instructions  were  unclear.",-0.2617,Mixed Negative,-0.49 to 0.0,Quality & Performance
854,7,5,09-06-2025,5,Shipping  was  fast    and  the  item  was  well-packaged.,0,Positive,-1.0 to -0.5,
855,2,7,08-01-2024,2,Not  worth  the  money.,-0.1695,Negative,-0.49 to 0.0,Pricing & Value
856,23,6,03-01-2023,5,Customer  support  was  very  helpful.,0.6997,Positive,0.5 to 1.0,
857,11,15,17-10-2023,4,"Great  purchase,  very  satisfied.",0.8016,Positive,0.5 to 1.0,
858,92,17,05-05-2025,3,"Average  experience,  nothing  special.",-0.3089,Mixed Negative,-0.49 to 0.0,Quality & Performance
859,6,19,25-06-2024,5,Amazing  value  for  the  price.,0.7351,Positive,0.5 to 1.0,
860,27,5,26-01-2025,3,Not  worth    the  money.,-0.1695,Mixed Negative,-0.49 to 0.0,Pricing & Value
861,70,8,18-04-2024,5,"I  love  this  product,  will  buy  again!",0.6696,Positive,0.5 to 1.0,
862,4,10,17-01-2025,2,Disappointed  with  the  performance.,-0.4767,Negative,-0.49 to 0.0,Quality & Performance
863,93,5,05-07-2025,3,"The  product  is  okay,  but  the    instructions  were  unclear.",-0.2617,Mixed Negative,-0.49 to 0.0,Quality & Performance
864,85,1,16-01-2025,4,Customer  support  was  very    helpful.,0.6997,Positive,0.5 to 1.0,
865,17,13,03-03-2025,4,"Good  quality,  but  could  be  cheaper.",0.2382,Positive,0.01 to 0.49,
866,36,16,03-03-2025,5,Customer  support  was  very  helpful.,0.6997,Positive,0.5 to 1.0,
867,7,8,20-07-2023,1,"Terrible  customer  service,  would  not  buy  again.",-0.4767,Negative,-0.49 to 0.0,Service & Logistics
868,10,14,01-11-2024,4,Customer  support  was  very  helpful.,0.6997,Positive,0.5 to 1.0,
869,18,3,02-02-2023,4,Five  stars  for  the  quick  delivery.,0,Positive,-1.0 to -0.5,
870,19,2,19-03-2023,3,"Average  experience,  nothing  special.",-0.3089,Mixed Negative,-0.49 to 0.0,Quality & Performance
871,3,5,20-03-2024,5,The    build  quality  is  impressive.,0.5106,Positive,0.5 to 1.0,
872,96,3,14-04-2025,2,Product  did    not  meet  my  expectations.,0,Negative,-1.0 to -0.5,Quality & Performance
873,82,15,21-06-2025,5,Shipping  was  fast  and  the  item  was  well-packaged.,0,Positive,-1.0 to -0.5,
874,78,8,09-11-2025,4,The  build  quality  is  impressive.,0.5106,Positive,0.5 to 1.0,
875,44,20,27-11-2023,4,"Good  quality,  but  could  be  cheaper.",0.2382,Positive,0.01 to 0.49,
876,10,19,19-06-2024,1,The  product  stopped  working  after  a  month.,-0.2263,Negative,-0.49 to 0.0,Quality & Performance
877,78,14,28-08-2024,3,"The  product  is  okay,  but  the  instructions  were  unclear.",-0.2617,Mixed Negative,-0.49 to 0.0,Quality & Performance
878,24,10,26-05-2025,2,"Average  experience,  nothing  special.",-0.3089,Negative,-0.49 to 0.0,Quality & Performance
879,2,6,16-09-2023,4,"Great  purchase,  very  satisfied.",0.8016,Positive,0.5 to 1.0,
880,29,13,31-07-2023,5,"Excellent  product,  highly  recommend!",0.7773,Positive,0.5 to 1.0,
881,63,2,25-04-2023,4,"I  love  this  product,  will  buy  again!",0.6696,Positive,0.5 to 1.0,
882,6,7,08-10-2024,4,"Great  purchase,  very  satisfied.",0.8016,Positive,0.5 to 1.0,
883,4,9,08-07-2023,4,"Great  purchase,  very  satisfied.",0.8016,Positive,0.5 to 1.0,
884,24,2,08-11-2023,5,Amazing  value  for  the  price.,0.7351,Positive,0.5 to 1.0,
885,58,6,10-09-2024,5,Customer  support  was  very  helpful.,0.6997,Positive,0.5 to 1.0,
886,95,15,14-02-2025,5,Customer  support  was  very  helpful.,0.6997,Positive,0.5 to 1.0,
887,38,10,17-03-2025,2,"Average  experience,  nothing  special.",-0.3089,Negative,-0.49 to 0.0,Quality & Performance
888,83,4,05-01-2023,1,I  had  a  bad  experience  with  this  product.,-0.5423,Negative,-1.0 to -0.5,Quality & Performance
889,45,15,02-10-2024,4,"Great    purchase,  very  satisfied.",0.8016,Positive,0.5 to 1.0,
890,59,5,25-07-2024,1,Product  did  not  meet  my  expectations.,0,Negative,-1.0 to -0.5,Quality & Performance
891,48,9,26-02-2025,3,Not  worth  the  money.,-0.1695,Mixed Negative,-0.49 to 0.0,Pricing & Value
892,27,4,01-08-2025,4,"Great  purchase,  very    satisfied.",0.8016,Positive,0.5 to 1.0,
893,51,3,06-02-2024,4,Customer  support  was  very  helpful.,0.6997,Positive,0.5 to 1.0,
894,82,4,23-06-2023,3,"The  product  is  okay,  but  the  instructions  were  unclear.",-0.2617,Mixed Negative,-0.49 to 0.0,Quality & Performance
895,38,4,28-10-2024,5,Exceeded  my  expectations!,0,Positive,-1.0 to -0.5,
896,40,20,17-10-2025,4,Five  stars  for  the  quick  delivery.,0,Positive,-1.0 to -0.5,
897,48,5,05-01-2025,2,"The  product  is  okay,  but  the  instructions  were  unclear.",-0.2617,Negative,-0.49 to 0.0,Quality & Performance
898,76,15,18-09-2023,5,Shipping  was  fast  and  the  item  was  well-packaged.,0,Positive,-1.0 to -0.5,
899,89,9,02-01-2024,4,"Good  quality,  but  could  be  cheaper.",0.2382,Positive,0.01 to 0.49,
900,10,5,04-04-2025,3,"The  product  is  okay,  but  the  instructions  were    unclear.",-0.2617,Mixed Negative,-0.49 to 0.0,Quality & Performance
901,16,19,15-02-2023,4,The  quality  is  top-notch.,0,Positive,-1.0 to -0.5,
902,75,13,02-07-2025,4,"Great  purchase,  very  satisfied.",0.8016,Positive,0.5 to 1.0,
903,69,5,05-10-2025,4,Customer  support    was  very  helpful.,0.6997,Positive,0.5 to 1.0,
904,68,9,24-12-2025,4,Five  stars  for  the  quick  delivery.,0,Positive,-1.0 to -0.5,
905,82,4,05-05-2024,2,Not    worth  the  money.,-0.1695,Negative,-0.49 to 0.0,Pricing & Value
906,92,17,27-02-2025,4,Five  stars  for  the  quick  delivery.,0,Positive,-1.0 to -0.5,
907,67,3,21-10-2023,5,Customer  support  was  very  helpful.,0.6997,Positive,0.5 to 1.0,
908,37,9,28-03-2025,3,Not  worth  the  money.,-0.1695,Mixed Negative,-0.49 to 0.0,Pricing & Value
909,59,7,08-09-2023,4,"I  love  this  product,  will  buy  again!",0.6696,Positive,0.5 to 1.0,
910,92,5,14-06-2023,4,The  quality  is  top-notch.,0,Positive,-1.0 to -0.5,
911,93,6,27-06-2024,1,Product  did    not  meet  my  expectations.,0,Negative,-1.0 to -0.5,Quality & Performance
912,100,2,27-10-2025,2,Disappointed  with  the  performance.,-0.4767,Negative,-0.49 to 0.0,Quality & Performance
913,64,5,06-09-2024,4,Customer  support  was  very  helpful.,0.6997,Positive,0.5 to 1.0,
914,81,19,04-03-2023,5,"Great    purchase,  very  satisfied.",0.8016,Positive,0.5 to 1.0,
915,55,5,21-12-2024,1,I  had  a  bad  experience  with  this  product.,-0.5423,Negative,-1.0 to -0.5,Quality & Performance
916,40,5,05-10-2024,2,Not  worth  the  money.,-0.1695,Negative,-0.49 to 0.0,Pricing & Value
917,44,20,17-05-2025,4,The  quality  is  top-notch.,0,Positive,-1.0 to -0.5,
918,50,4,09-09-2024,3,"The  product    is  okay,  but  the  instructions  were  unclear.",-0.2617,Mixed Negative,-0.49 to 0.0,Quality & Performance
919,37,18,14-02-2025,1,"Terrible  customer  service,  would  not  buy  again.",-0.4767,Negative,-0.49 to 0.0,Service & Logistics
920,28,1,13-04-2025,4,Customer  support  was  very  helpful.,0.6997,Positive,0.5 to 1.0,
921,93,11,26-06-2023,5,"Great  purchase,  very  satisfied.",0.8016,Positive,0.5 to 1.0,
922,92,4,22-07-2025,4,"Good  quality,  but  could  be  cheaper.",0.2382,Positive,0.01 to 0.49,
923,3,20,07-02-2024,5,"Excellent  product,  highly    recommend!",0.7773,Positive,0.5 to 1.0,
924,62,19,20-12-2024,3,Customer  support    was  very  helpful.,0.6997,Mixed Positive,0.5 to 1.0,
925,2,20,10-02-2025,1,"Terrible  customer  service,  would    not  buy  again.",-0.4767,Negative,-0.49 to 0.0,Service & Logistics
926,86,12,17-06-2023,4,Five  stars  for  the  quick  delivery.,0,Positive,-1.0 to -0.5,
927,21,4,08-08-2024,4,"Good  quality,  but  could  be  cheaper.",0.2382,Positive,0.01 to 0.49,
928,10,9,25-05-2024,4,Customer  support  was  very  helpful.,0.6997,Positive,0.5 to 1.0,
929,47,5,09-10-2024,5,Amazing  value  for  the  price.,0.7351,Positive,0.5 to 1.0,
930,83,19,05-08-2024,4,Five  stars  for  the  quick  delivery.,0,Positive,-1.0 to -0.5,
931,73,8,27-09-2023,5,"Excellent  product,  highly  recommend!",0.7773,Positive,0.5 to 1.0,
932,11,20,26-08-2023,5,The  build  quality  is  impressive.,0.5106,Positive,0.5 to 1.0,
933,83,12,11-01-2023,3,Not  worth  the  money.,-0.1695,Mixed Negative,-0.49 to 0.0,Pricing & Value
934,44,3,26-04-2023,5,"I  love  this    product,  will  buy  again!",0.6696,Positive,0.5 to 1.0,
935,71,12,28-08-2025,5,"I  love  this  product,  will  buy  again!",0.6696,Positive,0.5 to 1.0,
936,99,15,23-09-2023,4,"Good  quality,  but  could  be  cheaper.",0.2382,Positive,0.01 to 0.49,
937,96,9,08-06-2023,4,"Great  purchase,    very  satisfied.",0.8016,Positive,0.5 to 1.0,
938,29,12,08-07-2024,5,Shipping  was  fast  and  the  item  was  well-packaged.,0,Positive,-1.0 to -0.5,
939,42,6,09-08-2024,5,Customer  support  was  very  helpful.,0.6997,Positive,0.5 to 1.0,
940,15,12,12-09-2025,4,"Great    purchase,  very  satisfied.",0.8016,Positive,0.5 to 1.0,
941,13,9,21-05-2023,4,Five  stars  for  the  quick  delivery.,0,Positive,-1.0 to -0.5,
942,69,2,19-02-2023,5,"Excellent  product,  highly  recommend!",0.7773,Positive,0.5 to 1.0,
943,70,19,15-04-2023,5,"Great  purchase,  very  satisfied.",0.8016,Positive,0.5 to 1.0,
944,72,2,11-08-2024,4,The  quality  is  top-notch.,0,Positive,-1.0 to -0.5,
945,46,5,05-12-2025,4,Shipping  was  fast  and  the  item  was  well-packaged.,0,Positive,-1.0 to -0.5,
946,96,7,28-08-2023,2,Disappointed  with  the  performance.,-0.4767,Negative,-0.49 to 0.0,Quality & Performance
947,86,18,02-11-2025,2,"Average  experience,  nothing  special.",-0.3089,Negative,-0.49 to 0.0,Quality & Performance
948,29,10,22-01-2025,5,Shipping  was  fast    and  the  item  was  well-packaged.,0,Positive,-1.0 to -0.5,
949,55,15,25-08-2025,1,Product  did    not  meet  my  expectations.,0,Negative,-1.0 to -0.5,Quality & Performance
950,96,9,09-02-2024,5,Customer  support  was  very  helpful.,0.6997,Positive,0.5 to 1.0,
951,80,15,11-07-2024,2,Not  worth  the  money.,-0.1695,Negative,-0.49 to 0.0,Pricing & Value
952,46,15,14-01-2025,5,Customer  support  was  very  helpful.,0.6997,Positive,0.5 to 1.0,
953,29,3,22-11-2025,4,Five  stars  for  the  quick  delivery.,0,Positive,-1.0 to -0.5,
954,26,8,13-03-2025,5,Shipping    was  fast  and  the  item  was  well-packaged.,0,Positive,-1.0 to -0.5,
955,53,12,15-03-2023,4,"Great  purchase,  very  satisfied.",0.8016,Positive,0.5 to 1.0,
956,33,2,26-10-2024,2,"Average  experience,  nothing  special.",-0.3089,Negative,-0.49 to 0.0,Quality & Performance
957,37,15,26-02-2024,4,"I  love  this  product,  will  buy    again!",0.6696,Positive,0.5 to 1.0,
958,45,1,17-08-2023,1,Not  worth  the  money.,-0.1695,Negative,-0.49 to 0.0,Pricing & Value
959,85,9,01-01-2025,5,Amazing  value  for  the  price.,0.7351,Positive,0.5 to 1.0,
960,81,2,23-03-2024,4,Customer  support  was  very  helpful.,0.6997,Positive,0.5 to 1.0,
961,74,20,10-07-2024,5,"I  love  this    product,  will  buy  again!",0.6696,Positive,0.5 to 1.0,
962,95,18,16-10-2024,4,"Good  quality,  but  could  be    cheaper.",0.2382,Positive,0.01 to 0.49,
963,36,6,17-11-2023,2,Product  did  not  meet  my  expectations.,0,Negative,-1.0 to -0.5,Quality & Performance
964,60,18,11-06-2024,4,"Great  purchase,    very  satisfied.",0.8016,Positive,0.5 to 1.0,
965,25,7,15-12-2024,5,"Excellent  product,  highly  recommend!",0.7773,Positive,0.5 to 1.0,
966,21,6,30-09-2025,4,"Good  quality,  but  could  be  cheaper.",0.2382,Positive,0.01 to 0.49,
967,94,12,22-04-2024,5,The  build    quality  is  impressive.,0.5106,Positive,0.5 to 1.0,
968,46,14,07-08-2024,5,The  quality  is  top-notch.,0,Positive,-1.0 to -0.5,
969,48,4,09-04-2023,3,"The  product  is  okay,  but  the  instructions  were  unclear.",-0.2617,Mixed Negative,-0.49 to 0.0,Quality & Performance
970,43,2,26-05-2024,3,Not  worth  the  money.,-0.1695,Mixed Negative,-0.49 to 0.0,Pricing & Value
971,5,5,17-12-2024,4,The  quality  is  top-notch.,0,Positive,-1.0 to -0.5,
972,18,19,01-08-2024,5,Exceeded    my  expectations!,0,Positive,-1.0 to -0.5,
973,4,4,23-01-2024,4,"I  love  this  product,  will  buy  again!",0.6696,Positive,0.5 to 1.0,
974,13,6,01-03-2024,4,The  quality  is  top-notch.,0,Positive,-1.0 to -0.5,
975,84,15,12-06-2023,3,Not  worth  the  money.,-0.1695,Mixed Negative,-0.49 to 0.0,Pricing & Value
976,80,7,30-03-2023,4,Shipping  was  fast  and  the  item    was  well-packaged.,0,Positive,-1.0 to -0.5,
977,44,10,28-06-2023,3,"Good  quality,  but  could    be  cheaper.",0.2382,Mixed Positive,0.01 to 0.49,
978,46,13,18-07-2025,5,Customer  support  was  very  helpful.,0.6997,Positive,0.5 to 1.0,
979,14,4,16-03-2024,4,"Good  quality,  but  could  be  cheaper.",0.2382,Positive,0.01 to 0.49,
980,92,14,14-07-2023,2,"Average  experience,  nothing  special.",-0.3089,Negative,-0.49 to 0.0,Quality & Performance
981,48,10,13-05-2023,3,"The  product  is    okay,  but  the  instructions  were  unclear.",-0.2617,Mixed Negative,-0.49 to 0.0,Quality & Performance
982,63,7,28-11-2023,4,"Great  purchase,  very  satisfied.",0.8016,Positive,0.5 to 1.0,
983,31,19,28-05-2024,5,Customer  support  was  very  helpful.,0.6997,Positive,0.5 to 1.0,
984,88,11,23-08-2023,3,"The  product  is  okay,  but  the    instructions  were  unclear.",-0.2617,Mixed Negative,-0.49 to 0.0,Quality & Performance
985,78,11,23-10-2025,2,Not  worth  the  money.,-0.1695,Negative,-0.49 to 0.0,Pricing & Value
986,20,7,30-11-2025,5,The  build  quality  is  impressive.,0.5106,Positive,0.5 to 1.0,
987,37,16,15-09-2024,4,"I  love  this  product,  will  buy  again!",0.6696,Positive,0.5 to 1.0,
988,14,14,06-04-2025,4,"I  love  this  product,  will  buy  again!",0.6696,Positive,0.5 to 1.0,
989,93,19,11-06-2023,4,"Great    purchase,  very  satisfied.",0.8016,Positive,0.5 to 1.0,
990,7,4,05-05-2023,4,Customer  support  was  very  helpful.,0.6997,Positive,0.5 to 1.0,
991,97,18,10-03-2025,4,Customer  support  was  very  helpful.,0.6997,Positive,0.5 to 1.0,
992,77,2,16-08-2023,3,Not  worth  the  money.,-0.1695,Mixed Negative,-0.49 to 0.0,Pricing & Value
993,27,12,10-01-2025,2,"Good  quality,  but  could  be  cheaper.",0.2382,Mixed Negative,0.01 to 0.49,Quality & Performance
994,62,5,27-11-2025,5,Customer  support  was  very  helpful.,0.6997,Positive,0.5 to 1.0,
995,17,8,29-07-2025,3,"The  product  is  okay,  but  the  instructions  were  unclear.",-0.2617,Mixed Negative,-0.49 to 0.0,Quality & Performance
996,85,10,05-01-2025,5,Exceeded  my  expectations!,0,Positive,-1.0 to -0.5,
997,82,1,03-10-2023,4,"I  love  this  product,  will  buy  again!",0.6696,Positive,0.5 to 1.0,
998,34,11,18-05-2025,4,Five  stars  for  the  quick  delivery.,0,Positive,-1.0 to -0.5,
999,37,8,28-05-2023,4,"I  love  this  product,  will  buy  again!",0.6696,Positive,0.5 to 1.0,
1000,86,12,17-11-2025,4,"Good  quality,  but  could  be  cheaper.",0.2382,Positive,0.01 to 0.49,
1001,72,13,06-12-2023,3,"The  product  is  okay,  but  the  instructions  were  unclear.",-0.2617,Mixed Negative,-0.49 to 0.0,Quality & Performance
1002,25,15,15-05-2025,4,Five  stars  for  the  quick  delivery.,0,Positive,-1.0 to -0.5,
1003,14,16,31-03-2025,5,Five  stars  for  the  quick  delivery.,0,Positive,-1.0 to -0.5,
1004,53,10,14-01-2024,4,Customer  support  was  very  helpful.,0.6997,Positive,0.5 to 1.0,
1005,82,17,23-10-2024,4,"Good  quality,  but  could  be  cheaper.",0.2382,Positive,0.01 to 0.49,
1006,87,2,14-06-2023,5,Exceeded  my  expectations!,0,Positive,-1.0 to -0.5,
1007,49,9,15-02-2024,5,Amazing  value    for  the  price.,0.7351,Positive,0.5 to 1.0,
1008,60,13,05-09-2025,3,"Average  experience,  nothing  special.",-0.3089,Mixed Negative,-0.49 to 0.0,Quality & Performance
1009,31,3,21-11-2025,2,"The  product  is  okay,  but  the  instructions  were    unclear.",-0.2617,Negative,-0.49 to 0.0,Quality & Performance
1010,3,3,17-05-2025,3,"Good  quality,  but  could  be  cheaper.",0.2382,Mixed Positive,0.01 to 0.49,
1011,80,19,11-10-2023,5,Shipping  was  fast  and  the  item  was  well-packaged.,0,Positive,-1.0 to -0.5,
1012,26,3,25-02-2025,2,Not    worth  the  money.,-0.1695,Negative,-0.49 to 0.0,Pricing & Value
1013,32,8,12-07-2025,4,"I  love  this  product,  will  buy  again!",0.6696,Positive,0.5 to 1.0,
1014,81,20,16-04-2023,4,Five  stars  for  the  quick  delivery.,0,Positive,-1.0 to -0.5,
1015,25,2,05-03-2023,2,Not  worth  the  money.,-0.1695,Negative,-0.49 to 0.0,Pricing & Value
1016,30,16,27-08-2025,2,Product  did  not  meet  my  expectations.,0,Negative,-1.0 to -0.5,Quality & Performance
1017,84,13,26-05-2025,5,"Great  purchase,  very  satisfied.",0.8016,Positive,0.5 to 1.0,
1018,44,20,29-07-2024,2,Not  worth    the  money.,-0.1695,Negative,-0.49 to 0.0,Pricing & Value
1019,25,12,12-07-2023,4,Five  stars  for  the  quick  delivery.,0,Positive,-1.0 to -0.5,
1020,100,5,02-09-2025,3,"Average  experience,  nothing  special.",-0.3089,Mixed Negative,-0.49 to 0.0,Quality & Performance
1021,49,20,16-03-2024,4,"Great  purchase,  very  satisfied.",0.8016,Positive,0.5 to 1.0,
1022,71,5,23-01-2025,3,Not    worth  the  money.,-0.1695,Mixed Negative,-0.49 to 0.0,Pricing & Value
1023,77,18,19-10-2023,4,Shipping  was  fast  and  the  item  was  well-packaged.,0,Positive,-1.0 to -0.5,
1024,85,19,05-11-2025,3,Shipping  was  fast  and  the  item  was  well-packaged.,0,Neutral,-1.0 to -0.5,
1025,31,16,17-02-2025,3,"Good  quality,  but  could    be  cheaper.",0.2382,Mixed Positive,0.01 to 0.49,
1026,90,12,10-11-2023,3,"Good  quality,  but  could  be  cheaper.",0.2382,Mixed Positive,0.01 to 0.49,
1027,22,14,20-07-2025,3,Not    worth  the  money.,-0.1695,Mixed Negative,-0.49 to 0.0,Pricing & Value
1028,66,3,17-04-2023,3,"Good  quality,  but  could  be  cheaper.",0.2382,Mixed Positive,0.01 to 0.49,
1029,66,6,14-11-2025,3,"The  product  is  okay,  but  the  instructions  were  unclear.",-0.2617,Mixed Negative,-0.49 to 0.0,Quality & Performance
1030,46,16,02-10-2024,5,"I  love  this  product,  will  buy  again!",0.6696,Positive,0.5 to 1.0,
1031,28,1,22-05-2024,3,"Average  experience,  nothing  special.",-0.3089,Mixed Negative,-0.49 to 0.0,Quality & Performance
1032,46,17,03-06-2025,4,"Great  purchase,  very  satisfied.",0.8016,Positive,0.5 to 1.0,
1033,74,11,16-02-2023,4,Shipping  was  fast  and  the  item  was  well-packaged.,0,Positive,-1.0 to -0.5,
1034,34,19,04-02-2024,1,Not  worth  the  money.,-0.1695,Negative,-0.49 to 0.0,Pricing & Value
1035,77,9,25-11-2023,5,Exceeded  my  expectations!,0,Positive,-1.0 to -0.5,
1036,24,7,16-08-2025,2,Disappointed  with  the  performance.,-0.4767,Negative,-0.49 to 0.0,Quality & Performance
1037,66,16,20-05-2024,4,"Great  purchase,  very  satisfied.",0.8016,Positive,0.5 to 1.0,
1038,22,13,28-05-2024,3,Not  worth    the  money.,-0.1695,Mixed Negative,-0.49 to 0.0,Pricing & Value
1039,15,1,25-11-2024,3,Five  stars  for  the  quick  delivery.,0,Neutral,-1.0 to -0.5,
1040,100,19,02-03-2024,5,The  build  quality  is    impressive.,0.5106,Positive,0.5 to 1.0,
1041,19,18,14-04-2024,4,"Great    purchase,  very  satisfied.",0.8016,Positive,0.5 to 1.0,
1042,68,1,06-10-2023,3,Not  worth  the  money.,-0.1695,Mixed Negative,-0.49 to 0.0,Pricing & Value
1043,29,12,06-01-2025,4,Five  stars  for  the  quick  delivery.,0,Positive,-1.0 to -0.5,
1044,79,1,22-03-2024,4,"I  love  this  product,  will  buy  again!",0.6696,Positive,0.5 to 1.0,
1045,33,19,14-12-2024,3,"The  product  is    okay,  but  the  instructions  were  unclear.",-0.2617,Mixed Negative,-0.49 to 0.0,Quality & Performance
1046,45,8,17-05-2025,1,The  product  arrived  late.,0,Negative,-1.0 to -0.5,Service & Logistics
1047,6,5,09-10-2025,5,"Great  purchase,  very  satisfied.",0.8016,Positive,0.5 to 1.0,
1048,25,17,18-11-2025,3,Customer  support  was  very  helpful.,0.6997,Mixed Positive,0.5 to 1.0,
1049,50,2,26-05-2023,5,Five  stars  for    the  quick  delivery.,0,Positive,-1.0 to -0.5,
1050,83,8,14-06-2024,5,"Excellent  product,  highly    recommend!",0.7773,Positive,0.5 to 1.0,
1051,63,5,16-03-2024,2,The  product  arrived  late.,0,Negative,-1.0 to -0.5,Service & Logistics
1052,55,5,14-08-2023,4,The  quality  is  top-notch.,0,Positive,-1.0 to -0.5,
1053,6,16,29-02-2024,5,Five  stars  for  the  quick  delivery.,0,Positive,-1.0 to -0.5,
1054,82,17,27-03-2024,3,"The  product  is  okay,  but  the  instructions  were  unclear.",-0.2617,Mixed Negative,-0.49 to 0.0,Quality & Performance
1055,17,7,18-10-2024,3,"Average  experience,    nothing  special.",-0.3089,Mixed Negative,-0.49 to 0.0,Quality & Performance
1056,68,17,14-09-2023,2,Not  worth  the  money.,-0.1695,Negative,-0.49 to 0.0,Pricing & Value
1057,49,17,13-09-2024,3,Shipping  was  fast  and  the  item  was  well-packaged.,0,Neutral,-1.0 to -0.5,
1058,32,16,16-11-2024,3,"Great  purchase,  very  satisfied.",0.8016,Mixed Positive,0.5 to 1.0,
1059,67,2,23-12-2023,2,Not  worth  the  money.,-0.1695,Negative,-0.49 to 0.0,Pricing & Value
1060,15,10,05-05-2023,3,"Good  quality,  but  could  be    cheaper.",0.2382,Mixed Positive,0.01 to 0.49,
1061,64,7,17-12-2023,4,"Great  purchase,  very  satisfied.",0.8016,Positive,0.5 to 1.0,
1062,93,13,21-11-2023,5,"Great  purchase,    very  satisfied.",0.8016,Positive,0.5 to 1.0,
1063,5,6,21-09-2025,4,"Good  quality,    but  could  be  cheaper.",0.2382,Positive,0.01 to 0.49,
1064,32,16,02-09-2024,3,"The    product  is  okay,  but  the  instructions  were  unclear.",-0.2617,Mixed Negative,-0.49 to 0.0,Quality & Performance
1065,33,9,21-03-2023,5,Exceeded  my  expectations!,0,Positive,-1.0 to -0.5,
1066,81,6,29-08-2025,4,The  quality  is    top-notch.,0,Positive,-1.0 to -0.5,
1067,50,7,09-05-2024,5,Amazing  value  for  the  price.,0.7351,Positive,0.5 to 1.0,
1068,61,15,16-08-2025,2,"The  product  is  okay,  but  the  instructions  were  unclear.",-0.2617,Negative,-0.49 to 0.0,Quality & Performance
1069,84,9,05-03-2025,4,Shipping  was  fast  and  the  item  was  well-packaged.,0,Positive,-1.0 to -0.5,
1070,23,20,16-08-2025,3,Not  worth  the  money.,-0.1695,Mixed Negative,-0.49 to 0.0,Pricing & Value
1071,23,7,16-09-2024,4,"Great  purchase,  very  satisfied.",0.8016,Positive,0.5 to 1.0,
1072,51,2,15-02-2023,3,Not  worth  the  money.,-0.1695,Mixed Negative,-0.49 to 0.0,Pricing & Value
1073,30,10,22-09-2023,4,"Good  quality,  but  could  be  cheaper.",0.2382,Positive,0.01 to 0.49,
1074,21,13,07-04-2023,4,"Good  quality,  but  could  be  cheaper.",0.2382,Positive,0.01 to 0.49,
1075,52,9,25-07-2025,5,Shipping  was  fast  and  the  item  was  well-packaged.,0,Positive,-1.0 to -0.5,
1076,22,9,29-10-2024,5,The  quality  is  top-notch.,0,Positive,-1.0 to -0.5,
1077,95,14,18-04-2025,5,Amazing  value  for  the  price.,0.7351,Positive,0.5 to 1.0,
1078,8,2,15-12-2023,4,Customer  support  was  very  helpful.,0.6997,Positive,0.5 to 1.0,
1079,73,16,19-06-2025,3,"Good  quality,  but  could  be  cheaper.",0.2382,Mixed Positive,0.01 to 0.49,
1080,86,16,27-05-2025,4,Shipping  was  fast  and  the  item    was  well-packaged.,0,Positive,-1.0 to -0.5,
1081,91,5,31-07-2023,5,"I  love  this  product,  will  buy  again!",0.6696,Positive,0.5 to 1.0,
1082,87,13,09-02-2025,5,Five  stars  for  the  quick  delivery.,0,Positive,-1.0 to -0.5,
1083,40,6,02-04-2024,4,The  quality  is  top-notch.,0,Positive,-1.0 to -0.5,
1084,99,12,29-10-2023,3,"Good  quality,  but  could  be  cheaper.",0.2382,Mixed Positive,0.01 to 0.49,
1085,46,6,02-07-2025,4,Customer  support  was  very  helpful.,0.6997,Positive,0.5 to 1.0,
1086,47,11,07-04-2024,5,The  build  quality  is  impressive.,0.5106,Positive,0.5 to 1.0,
1087,35,10,27-07-2023,3,"The  product  is  okay,  but  the  instructions  were  unclear.",-0.2617,Mixed Negative,-0.49 to 0.0,Quality & Performance
1088,55,13,05-05-2025,4,"I  love  this  product,  will  buy  again!",0.6696,Positive,0.5 to 1.0,
1089,54,12,12-04-2024,3,"The  product  is  okay,  but  the  instructions  were  unclear.",-0.2617,Mixed Negative,-0.49 to 0.0,Quality & Performance
1090,3,14,09-01-2023,4,Shipping  was  fast  and  the  item  was  well-packaged.,0,Positive,-1.0 to -0.5,
1091,72,2,28-01-2024,2,The  product    arrived  late.,0,Negative,-1.0 to -0.5,Service & Logistics
1092,82,5,16-02-2023,4,Five  stars    for  the  quick  delivery.,0,Positive,-1.0 to -0.5,
1093,25,8,24-10-2025,3,"Average  experience,  nothing  special.",-0.3089,Mixed Negative,-0.49 to 0.0,Quality & Performance
1094,48,11,04-07-2023,2,Not  worth  the  money.,-0.1695,Negative,-0.49 to 0.0,Pricing & Value
1095,31,15,23-09-2024,4,The  quality  is    top-notch.,0,Positive,-1.0 to -0.5,
1096,82,13,17-11-2023,4,Five  stars  for  the  quick  delivery.,0,Positive,-1.0 to -0.5,
1097,47,12,15-10-2023,2,"Average  experience,  nothing  special.",-0.3089,Negative,-0.49 to 0.0,Quality & Performance
1098,62,15,02-04-2023,5,Shipping  was  fast  and  the  item  was  well-packaged.,0,Positive,-1.0 to -0.5,
1099,90,12,17-03-2024,5,"Excellent  product,  highly  recommend!",0.7773,Positive,0.5 to 1.0,
1100,88,14,13-08-2025,4,Five  stars  for  the  quick  delivery.,0,Positive,-1.0 to -0.5,
1101,58,13,09-01-2025,5,Shipping  was  fast  and  the  item  was  well-packaged.,0,Positive,-1.0 to -0.5,
1102,35,12,01-02-2024,4,The  quality  is  top-notch.,0,Positive,-1.0 to -0.5,
1103,39,5,12-05-2023,5,The  build  quality  is  impressive.,0.5106,Positive,0.5 to 1.0,
1104,39,6,06-08-2023,3,Not  worth  the  money.,-0.1695,Mixed Negative,-0.49 to 0.0,Pricing & Value
1105,20,16,19-03-2023,3,"Good    quality,  but  could  be  cheaper.",0.2382,Mixed Positive,0.01 to 0.49,
1106,37,5,29-01-2025,5,Five  stars  for  the  quick  delivery.,0,Positive,-1.0 to -0.5,
1107,51,14,27-03-2024,4,Five  stars  for  the  quick  delivery.,0,Positive,-1.0 to -0.5,
1108,50,3,03-05-2023,1,The  product  stopped  working  after  a  month.,-0.2263,Negative,-0.49 to 0.0,Quality & Performance
1109,22,18,09-06-2023,5,"Excellent  product,    highly  recommend!",0.7773,Positive,0.5 to 1.0,
1110,38,8,26-04-2024,3,Not  worth  the  money.,-0.1695,Mixed Negative,-0.49 to 0.0,Pricing & Value
1111,91,16,25-01-2024,3,"Good  quality,    but  could  be  cheaper.",0.2382,Mixed Positive,0.01 to 0.49,
1112,40,1,07-06-2023,5,"Excellent  product,  highly  recommend!",0.7773,Positive,0.5 to 1.0,
1113,28,3,23-11-2024,3,"The  product  is  okay,  but  the  instructions  were  unclear.",-0.2617,Mixed Negative,-0.49 to 0.0,Quality & Performance
1114,56,15,14-06-2025,4,Shipping  was  fast  and  the  item  was  well-packaged.,0,Positive,-1.0 to -0.5,
1115,82,4,12-10-2023,3,"Good  quality,  but  could  be    cheaper.",0.2382,Mixed Positive,0.01 to 0.49,
1116,52,5,22-05-2025,4,Five  stars  for  the  quick  delivery.,0,Positive,-1.0 to -0.5,
1117,74,11,12-09-2023,4,The  quality  is  top-notch.,0,Positive,-1.0 to -0.5,
1118,50,16,15-05-2023,4,Five  stars  for  the  quick  delivery.,0,Positive,-1.0 to -0.5,
1119,99,4,19-01-2024,2,Product  did  not  meet  my  expectations.,0,Negative,-1.0 to -0.5,Quality & Performance
1120,4,17,30-09-2024,2,"Average  experience,  nothing  special.",-0.3089,Negative,-0.49 to 0.0,Quality & Performance
1121,23,20,25-06-2023,4,Customer  support  was  very  helpful.,0.6997,Positive,0.5 to 1.0,
1122,78,19,03-12-2023,5,The  quality  is  top-notch.,0,Positive,-1.0 to -0.5,
1123,68,20,02-06-2024,3,"The  product  is    okay,  but  the  instructions  were  unclear.",-0.2617,Mixed Negative,-0.49 to 0.0,Quality & Performance
1124,6,9,22-10-2025,5,"I  love  this  product,  will  buy  again!",0.6696,Positive,0.5 to 1.0,
1125,100,12,20-07-2025,2,"Good  quality,  but  could  be  cheaper.",0.2382,Mixed Negative,0.01 to 0.49,Quality & Performance
1126,10,19,19-03-2025,2,Not  worth  the  money.,-0.1695,Negative,-0.49 to 0.0,Pricing & Value
1127,82,15,06-01-2024,4,Customer  support  was  very  helpful.,0.6997,Positive,0.5 to 1.0,
1128,77,6,11-02-2023,5,Shipping  was  fast  and  the  item  was  well-packaged.,0,Positive,-1.0 to -0.5,
1129,80,10,06-11-2024,5,The  build  quality  is  impressive.,0.5106,Positive,0.5 to 1.0,
1130,88,13,30-12-2025,4,The  quality  is  top-notch.,0,Positive,-1.0 to -0.5,
1131,97,2,02-06-2025,5,The  build    quality  is  impressive.,0.5106,Positive,0.5 to 1.0,
1132,68,9,22-12-2023,3,"Average  experience,  nothing  special.",-0.3089,Mixed Negative,-0.49 to 0.0,Quality & Performance
1133,46,19,12-09-2023,4,"I  love  this  product,  will  buy  again!",0.6696,Positive,0.5 to 1.0,
1134,29,8,16-06-2024,5,The    build  quality  is  impressive.,0.5106,Positive,0.5 to 1.0,
1135,77,12,26-10-2024,1,Product  did  not  meet  my  expectations.,0,Negative,-1.0 to -0.5,Quality & Performance
1136,62,8,02-03-2025,5,Customer  support  was  very  helpful.,0.6997,Positive,0.5 to 1.0,
1137,73,5,19-01-2025,3,Five  stars  for  the  quick  delivery.,0,Neutral,-1.0 to -0.5,
1138,81,4,23-12-2024,3,The  quality  is  top-notch.,0,Neutral,-1.0 to -0.5,
1139,18,5,28-02-2024,3,"Average  experience,  nothing  special.",-0.3089,Mixed Negative,-0.49 to 0.0,Quality & Performance
1140,28,12,07-03-2023,2,Disappointed  with  the  performance.,-0.4767,Negative,-0.49 to 0.0,Quality & Performance
1141,24,17,01-04-2023,5,Customer    support  was  very  helpful.,0.6997,Positive,0.5 to 1.0,
1142,4,2,24-04-2024,4,Shipping  was  fast  and  the  item  was  well-packaged.,0,Positive,-1.0 to -0.5,
1143,75,18,09-08-2025,4,The  quality  is  top-notch.,0,Positive,-1.0 to -0.5,
1144,24,8,29-01-2024,5,The  build  quality    is  impressive.,0.5106,Positive,0.5 to 1.0,
1145,61,8,25-02-2024,5,"Excellent  product,  highly  recommend!",0.7773,Positive,0.5 to 1.0,
1146,88,15,10-02-2024,4,Shipping  was  fast  and  the  item  was  well-packaged.,0,Positive,-1.0 to -0.5,
1147,79,5,09-05-2025,5,"Excellent  product,  highly  recommend!",0.7773,Positive,0.5 to 1.0,
1148,94,2,11-10-2024,4,"Good  quality,  but    could  be  cheaper.",0.2382,Positive,0.01 to 0.49,
1149,67,13,24-12-2023,3,Not  worth  the  money.,-0.1695,Mixed Negative,-0.49 to 0.0,Pricing & Value
1150,90,3,19-02-2024,5,Five  stars  for  the  quick  delivery.,0,Positive,-1.0 to -0.5,
1151,46,15,19-01-2025,5,Customer  support  was  very  helpful.,0.6997,Positive,0.5 to 1.0,
1152,23,14,05-11-2025,3,Customer    support  was  very  helpful.,0.6997,Mixed Positive,0.5 to 1.0,
1153,53,10,17-06-2023,5,"Excellent  product,  highly  recommend!",0.7773,Positive,0.5 to 1.0,
1154,9,19,09-07-2023,2,Disappointed  with  the  performance.,-0.4767,Negative,-0.49 to 0.0,Quality & Performance
1155,1,12,09-01-2025,5,Exceeded  my  expectations!,0,Positive,-1.0 to -0.5,
1156,79,18,16-06-2024,3,"Good  quality,  but  could  be  cheaper.",0.2382,Mixed Positive,0.01 to 0.49,
1157,13,12,16-07-2025,1,The  product  stopped  working  after  a  month.,-0.2263,Negative,-0.49 to 0.0,Quality & Performance
1158,99,20,29-07-2024,4,The  quality  is  top-notch.,0,Positive,-1.0 to -0.5,
1159,59,9,29-01-2025,5,The  quality  is  top-notch.,0,Positive,-1.0 to -0.5,
1160,97,7,26-12-2025,5,Five  stars  for  the  quick  delivery.,0,Positive,-1.0 to -0.5,
1161,10,19,01-01-2023,5,Shipping  was  fast  and  the    item  was  well-packaged.,0,Positive,-1.0 to -0.5,
1162,55,10,08-06-2024,2,The  product  arrived  late.,0,Negative,-1.0 to -0.5,Service & Logistics
1163,15,11,04-10-2023,3,"Good  quality,  but  could  be  cheaper.",0.2382,Mixed Positive,0.01 to 0.49,
1164,69,3,04-01-2023,3,"Good  quality,  but  could  be  cheaper.",0.2382,Mixed Positive,0.01 to 0.49,
1165,20,12,06-02-2024,5,The  quality  is  top-notch.,0,Positive,-1.0 to -0.5,
1166,63,15,10-11-2024,5,The  build  quality    is  impressive.,0.5106,Positive,0.5 to 1.0,
1167,50,19,21-08-2024,5,The  quality  is  top-notch.,0,Positive,-1.0 to -0.5,
1168,93,16,21-09-2025,5,Exceeded  my  expectations!,0,Positive,-1.0 to -0.5,
1169,97,19,24-06-2025,4,"Great  purchase,  very  satisfied.",0.8016,Positive,0.5 to 1.0,
1170,78,4,19-12-2023,4,Customer  support  was  very  helpful.,0.6997,Positive,0.5 to 1.0,
1171,49,4,12-01-2024,2,"Average  experience,  nothing  special.",-0.3089,Negative,-0.49 to 0.0,Quality & Performance
1172,33,15,03-04-2025,5,The    build  quality  is  impressive.,0.5106,Positive,0.5 to 1.0,
1173,76,3,09-08-2025,4,"Great  purchase,  very  satisfied.",0.8016,Positive,0.5 to 1.0,
1174,69,3,24-08-2025,4,Shipping  was  fast  and  the  item  was  well-packaged.,0,Positive,-1.0 to -0.5,
1175,78,6,04-07-2025,5,"Excellent  product,  highly  recommend!",0.7773,Positive,0.5 to 1.0,
1176,74,15,27-05-2025,5,"Excellent  product,  highly  recommend!",0.7773,Positive,0.5 to 1.0,
1177,45,10,28-12-2023,3,"Average  experience,  nothing  special.",-0.3089,Mixed Negative,-0.49 to 0.0,Quality & Performance
1178,43,6,08-09-2024,1,I  had  a  bad  experience  with  this  product.,-0.5423,Negative,-1.0 to -0.5,Quality & Performance
1179,84,7,31-07-2025,3,Not  worth  the  money.,-0.1695,Mixed Negative,-0.49 to 0.0,Pricing & Value
1180,64,18,19-06-2025,5,Five  stars  for  the  quick  delivery.,0,Positive,-1.0 to -0.5,
1181,28,8,25-02-2025,3,"Good  quality,  but  could  be  cheaper.",0.2382,Mixed Positive,0.01 to 0.49,
1182,70,15,21-08-2023,4,"I  love  this  product,  will  buy  again!",0.6696,Positive,0.5 to 1.0,
1183,91,4,06-02-2023,3,"Average  experience,  nothing  special.",-0.3089,Mixed Negative,-0.49 to 0.0,Quality & Performance
1184,5,18,25-12-2023,5,Exceeded  my  expectations!,0,Positive,-1.0 to -0.5,
1185,5,12,01-10-2025,5,Shipping  was  fast  and  the  item  was  well-packaged.,0,Positive,-1.0 to -0.5,
1186,80,11,15-10-2025,4,"I  love  this  product,  will  buy  again!",0.6696,Positive,0.5 to 1.0,
1187,66,9,11-06-2023,4,"Great  purchase,  very  satisfied.",0.8016,Positive,0.5 to 1.0,
1188,17,2,05-04-2023,5,"Great  purchase,    very  satisfied.",0.8016,Positive,0.5 to 1.0,
1189,32,20,28-12-2023,3,Not  worth  the  money.,-0.1695,Mixed Negative,-0.49 to 0.0,Pricing & Value
1190,16,4,19-08-2024,1,The    product  arrived  late.,0,Negative,-1.0 to -0.5,Service & Logistics
1191,60,19,27-08-2023,5,"Excellent  product,  highly  recommend!",0.7773,Positive,0.5 to 1.0,
1192,80,19,21-05-2024,3,"Average  experience,  nothing  special.",-0.3089,Mixed Negative,-0.49 to 0.0,Quality & Performance
1193,7,2,13-06-2025,5,"Excellent  product,  highly  recommend!",0.7773,Positive,0.5 to 1.0,
1194,11,13,01-03-2023,3,Not  worth  the  money.,-0.1695,Mixed Negative,-0.49 to 0.0,Pricing & Value
1195,89,2,19-11-2023,5,Exceeded    my  expectations!,0,Positive,-1.0 to -0.5,
1196,57,16,07-06-2024,5,"Excellent  product,  highly  recommend!",0.7773,Positive,0.5 to 1.0,
1197,70,15,30-10-2024,1,The  product  arrived  late.,0,Negative,-1.0 to -0.5,Service & Logistics
1198,92,1,25-06-2024,4,Customer  support  was  very  helpful.,0.6997,Positive,0.5 to 1.0,
1199,71,7,16-09-2024,4,The  quality  is  top-notch.,0,Positive,-1.0 to -0.5,
1200,89,17,04-04-2024,4,Shipping  was  fast  and  the  item  was  well-packaged.,0,Positive,-1.0 to -0.5,
1201,14,11,04-08-2023,4,"Great  purchase,  very  satisfied.",0.8016,Positive,0.5 to 1.0,
1202,28,17,28-04-2023,3,Not  worth  the    money.,-0.1695,Mixed Negative,-0.49 to 0.0,Pricing & Value
1203,2,19,20-07-2025,4,"Great  purchase,  very  satisfied.",0.8016,Positive,0.5 to 1.0,
1204,19,18,06-11-2024,4,The  quality  is  top-notch.,0,Positive,-1.0 to -0.5,
1205,73,17,04-12-2025,5,The  quality    is  top-notch.,0,Positive,-1.0 to -0.5,
1206,50,12,06-07-2023,4,The  quality  is  top-notch.,0,Positive,-1.0 to -0.5,
1207,90,18,27-06-2025,5,The  build  quality  is  impressive.,0.5106,Positive,0.5 to 1.0,
1208,16,15,11-07-2024,5,"Great  purchase,  very  satisfied.",0.8016,Positive,0.5 to 1.0,
1209,53,10,03-04-2024,5,Five  stars  for    the  quick  delivery.,0,Positive,-1.0 to -0.5,
1210,67,8,24-10-2024,4,"Good  quality,  but  could  be  cheaper.",0.2382,Positive,0.01 to 0.49,
1211,30,18,04-10-2023,5,Customer  support    was  very  helpful.,0.6997,Positive,0.5 to 1.0,
1212,82,19,11-10-2024,2,Not  worth  the  money.,-0.1695,Negative,-0.49 to 0.0,Pricing & Value
1213,14,9,23-12-2023,5,Customer  support  was  very  helpful.,0.6997,Positive,0.5 to 1.0,
1214,100,10,27-08-2025,4,"Great  purchase,  very  satisfied.",0.8016,Positive,0.5 to 1.0,
1215,68,7,28-03-2025,2,Product  did  not  meet  my  expectations.,0,Negative,-1.0 to -0.5,Quality & Performance
1216,53,11,14-04-2023,5,Amazing  value  for  the  price.,0.7351,Positive,0.5 to 1.0,
1217,81,18,14-01-2024,5,Customer  support  was  very  helpful.,0.6997,Positive,0.5 to 1.0,
1218,8,9,09-11-2025,5,Shipping  was    fast  and  the  item  was  well-packaged.,0,Positive,-1.0 to -0.5,
1219,49,7,28-05-2025,5,"Great  purchase,  very  satisfied.",0.8016,Positive,0.5 to 1.0,
1220,25,8,26-01-2023,2,The  product  arrived  late.,0,Negative,-1.0 to -0.5,Service & Logistics
1221,42,17,31-08-2023,4,"Good  quality,  but  could    be  cheaper.",0.2382,Positive,0.01 to 0.49,
1222,57,6,23-05-2025,3,"I  love  this  product,  will  buy    again!",0.6696,Mixed Positive,0.5 to 1.0,
1223,18,16,12-11-2025,3,"Great  purchase,  very  satisfied.",0.8016,Mixed Positive,0.5 to 1.0,
1224,82,14,30-11-2025,5,"Great  purchase,  very  satisfied.",0.8016,Positive,0.5 to 1.0,
1225,93,8,08-08-2024,2,The  product  arrived  late.,0,Negative,-1.0 to -0.5,Service & Logistics
1226,75,5,17-08-2024,5,"I  love  this  product,    will  buy  again!",0.6696,Positive,0.5 to 1.0,
1227,30,14,20-01-2025,5,"Great  purchase,  very    satisfied.",0.8016,Positive,0.5 to 1.0,
1228,57,1,30-11-2023,4,"I  love  this  product,  will  buy  again!",0.6696,Positive,0.5 to 1.0,
1229,31,17,01-06-2025,4,"I  love  this  product,  will  buy  again!",0.6696,Positive,0.5 to 1.0,
1230,55,18,27-04-2025,5,Exceeded  my  expectations!,0,Positive,-1.0 to -0.5,
1231,81,7,02-09-2024,2,Product  did  not  meet  my  expectations.,0,Negative,-1.0 to -0.5,Quality & Performance
1232,7,17,18-09-2024,5,Shipping  was  fast  and  the  item  was  well-packaged.,0,Positive,-1.0 to -0.5,
1233,73,5,13-03-2024,3,"The  product  is    okay,  but  the  instructions  were  unclear.",-0.2617,Mixed Negative,-0.49 to 0.0,Quality & Performance
1234,37,8,21-02-2024,3,"Good  quality,  but  could  be  cheaper.",0.2382,Mixed Positive,0.01 to 0.49,
1235,87,1,24-05-2023,5,Five  stars  for  the  quick  delivery.,0,Positive,-1.0 to -0.5,
1236,60,3,07-02-2023,4,Five  stars  for  the  quick  delivery.,0,Positive,-1.0 to -0.5,
1237,94,17,20-10-2024,1,"Not  satisfied,  the  product  broke  after  a  week.",-0.6288,Negative,-1.0 to -0.5,Quality & Performance
1238,15,9,13-06-2025,4,Customer    support  was  very  helpful.,0.6997,Positive,0.5 to 1.0,
1239,49,15,07-02-2024,5,"Excellent  product,  highly  recommend!",0.7773,Positive,0.5 to 1.0,
1240,66,5,28-02-2025,3,"Good  quality,  but  could  be  cheaper.",0.2382,Mixed Positive,0.01 to 0.49,
1241,62,17,11-03-2024,3,"Good  quality,  but  could  be  cheaper.",0.2382,Mixed Positive,0.01 to 0.49,
1242,22,19,08-02-2025,4,"Great  purchase,  very  satisfied.",0.8016,Positive,0.5 to 1.0,
1243,92,10,08-11-2023,5,"Great    purchase,  very  satisfied.",0.8016,Positive,0.5 to 1.0,
1244,8,7,20-01-2024,5,"I  love  this  product,  will    buy  again!",0.6696,Positive,0.5 to 1.0,
1245,60,5,19-12-2025,3,Not  worth  the  money.,-0.1695,Mixed Negative,-0.49 to 0.0,Pricing & Value
1246,53,1,04-08-2024,4,The  quality  is  top-notch.,0,Positive,-1.0 to -0.5,
1247,79,6,08-08-2024,2,"Average  experience,  nothing  special.",-0.3089,Negative,-0.49 to 0.0,Quality & Performance
1248,72,2,19-12-2025,4,Shipping  was  fast  and  the  item  was    well-packaged.,0,Positive,-1.0 to -0.5,
1249,72,5,23-01-2025,3,"Average    experience,  nothing  special.",-0.3089,Mixed Negative,-0.49 to 0.0,Quality & Performance
1250,11,10,23-10-2025,1,Not  worth  the  money.,-0.1695,Negative,-0.49 to 0.0,Pricing & Value
1251,20,2,10-06-2024,3,"Good  quality,  but  could  be  cheaper.",0.2382,Mixed Positive,0.01 to 0.49,
1252,87,8,10-12-2024,5,Exceeded    my  expectations!,0,Positive,-1.0 to -0.5,
1253,68,3,30-06-2024,3,Not  worth    the  money.,-0.1695,Mixed Negative,-0.49 to 0.0,Pricing & Value
1254,45,4,16-02-2024,5,The  quality  is  top-notch.,0,Positive,-1.0 to -0.5,
1255,42,8,15-12-2025,5,Five  stars  for  the  quick  delivery.,0,Positive,-1.0 to -0.5,
1256,80,4,12-08-2025,2,Disappointed  with  the  performance.,-0.4767,Negative,-0.49 to 0.0,Quality & Performance
1257,93,10,05-02-2023,4,Customer  support  was  very  helpful.,0.6997,Positive,0.5 to 1.0,
1258,80,1,13-11-2023,5,Amazing  value  for  the  price.,0.7351,Positive,0.5 to 1.0,
1259,66,15,13-06-2023,3,"Average  experience,  nothing  special.",-0.3089,Mixed Negative,-0.49 to 0.0,Quality & Performance
1260,47,6,02-09-2025,5,Exceeded  my  expectations!,0,Positive,-1.0 to -0.5,
1261,12,18,08-08-2023,4,Five  stars  for  the  quick  delivery.,0,Positive,-1.0 to -0.5,
1262,46,17,26-08-2024,2,Disappointed  with    the  performance.,-0.4767,Negative,-0.49 to 0.0,Quality & Performance
1263,48,9,20-09-2023,3,"Average    experience,  nothing  special.",-0.3089,Mixed Negative,-0.49 to 0.0,Quality & Performance
1264,72,7,07-05-2023,5,"Great  purchase,  very  satisfied.",0.8016,Positive,0.5 to 1.0,
1265,81,20,29-04-2023,4,Customer  support    was  very  helpful.,0.6997,Positive,0.5 to 1.0,
1266,65,14,01-07-2025,4,Shipping  was  fast  and  the  item  was  well-packaged.,0,Positive,-1.0 to -0.5,
1267,85,4,11-07-2024,5,The  quality  is  top-notch.,0,Positive,-1.0 to -0.5,
1268,60,6,06-10-2023,3,Not  worth    the  money.,-0.1695,Mixed Negative,-0.49 to 0.0,Pricing & Value
1269,39,13,09-02-2024,4,The  quality  is    top-notch.,0,Positive,-1.0 to -0.5,
1270,72,16,11-07-2025,4,"I  love  this  product,  will  buy  again!",0.6696,Positive,0.5 to 1.0,
1271,64,10,28-04-2024,4,The  quality    is  top-notch.,0,Positive,-1.0 to -0.5,
1272,82,14,24-12-2025,4,Exceeded  my  expectations!,0,Positive,-1.0 to -0.5,
1273,74,10,19-02-2024,4,Five  stars  for  the  quick  delivery.,0,Positive,-1.0 to -0.5,
1274,24,1,14-08-2025,1,Not  worth  the  money.,-0.1695,Negative,-0.49 to 0.0,Pricing & Value
1275,52,2,06-06-2023,5,Customer  support  was  very  helpful.,0.6997,Positive,0.5 to 1.0,
1276,52,10,05-11-2024,2,"Good  quality,  but    could  be  cheaper.",0.2382,Mixed Negative,0.01 to 0.49,Quality & Performance
1277,20,11,28-09-2023,4,"I  love  this  product,  will  buy  again!",0.6696,Positive,0.5 to 1.0,
1278,25,17,22-06-2023,5,The  quality  is  top-notch.,0,Positive,-1.0 to -0.5,
1279,54,8,13-09-2025,3,"Good  quality,  but  could  be  cheaper.",0.2382,Mixed Positive,0.01 to 0.49,
1280,88,19,18-01-2023,3,Not  worth  the  money.,-0.1695,Mixed Negative,-0.49 to 0.0,Pricing & Value
1281,58,12,24-09-2023,5,The  quality  is  top-notch.,0,Positive,-1.0 to -0.5,
1282,7,19,24-04-2023,2,The  product  arrived  late.,0,Negative,-1.0 to -0.5,Service & Logistics
1283,67,2,24-09-2024,3,"The    product  is  okay,  but  the  instructions  were  unclear.",-0.2617,Mixed Negative,-0.49 to 0.0,Quality & Performance
1284,2,12,04-10-2025,1,Not  worth  the  money.,-0.1695,Negative,-0.49 to 0.0,Pricing & Value
1285,81,12,15-07-2024,4,"Good  quality,  but  could  be    cheaper.",0.2382,Positive,0.01 to 0.49,
1286,89,19,12-03-2025,5,"Excellent  product,  highly  recommend!",0.7773,Positive,0.5 to 1.0,
1287,69,17,04-10-2024,2,Product  did  not  meet  my  expectations.,0,Negative,-1.0 to -0.5,Quality & Performance
1288,77,8,09-06-2025,5,"I  love  this  product,  will  buy  again!",0.6696,Positive,0.5 to 1.0,
1289,52,7,30-09-2023,3,"Good  quality,  but  could  be  cheaper.",0.2382,Mixed Positive,0.01 to 0.49,
1290,30,6,01-04-2024,3,"The  product  is  okay,  but  the  instructions  were  unclear.",-0.2617,Mixed Negative,-0.49 to 0.0,Quality & Performance
1291,90,2,20-05-2024,4,Shipping  was  fast  and  the  item    was  well-packaged.,0,Positive,-1.0 to -0.5,
1292,16,5,15-03-2024,5,The  quality  is  top-notch.,0,Positive,-1.0 to -0.5,
1293,23,2,07-11-2024,5,Exceeded  my  expectations!,0,Positive,-1.0 to -0.5,
1294,86,11,11-06-2023,4,Shipping  was  fast  and  the  item  was  well-packaged.,0,Positive,-1.0 to -0.5,
1295,61,8,16-09-2025,5,The  build  quality  is  impressive.,0.5106,Positive,0.5 to 1.0,
1296,60,9,26-10-2025,4,"Good  quality,    but  could  be  cheaper.",0.2382,Positive,0.01 to 0.49,
1297,87,5,14-08-2024,3,"Average  experience,  nothing  special.",-0.3089,Mixed Negative,-0.49 to 0.0,Quality & Performance
1298,82,1,13-08-2024,4,"Excellent  product,  highly  recommend!",0.7773,Positive,0.5 to 1.0,
1299,44,18,02-07-2025,4,"I  love  this  product,  will  buy  again!",0.6696,Positive,0.5 to 1.0,
1300,6,11,14-04-2024,4,Customer  support  was  very  helpful.,0.6997,Positive,0.5 to 1.0,
1301,79,13,28-05-2025,4,"Great  purchase,  very  satisfied.",0.8016,Positive,0.5 to 1.0,
1302,20,11,29-11-2023,3,"Good  quality,  but  could  be  cheaper.",0.2382,Mixed Positive,0.01 to 0.49,
1303,99,3,22-03-2024,4,Customer  support  was  very  helpful.,0.6997,Positive,0.5 to 1.0,
1304,77,15,09-05-2024,3,"Average  experience,  nothing  special.",-0.3089,Mixed Negative,-0.49 to 0.0,Quality & Performance
1305,24,4,26-01-2025,1,The    product  arrived  late.,0,Negative,-1.0 to -0.5,Service & Logistics
1306,89,1,03-09-2023,4,Customer  support  was  very  helpful.,0.6997,Positive,0.5 to 1.0,
1307,36,13,16-05-2024,3,"Average    experience,  nothing  special.",-0.3089,Mixed Negative,-0.49 to 0.0,Quality & Performance
1308,46,5,03-02-2025,4,"Great  purchase,    very  satisfied.",0.8016,Positive,0.5 to 1.0,
1309,53,8,12-10-2024,4,"I  love  this  product,    will  buy  again!",0.6696,Positive,0.5 to 1.0,
1310,96,17,19-11-2025,3,"Good    quality,  but  could  be  cheaper.",0.2382,Mixed Positive,0.01 to 0.49,
1311,71,13,29-01-2023,5,"Great  purchase,  very  satisfied.",0.8016,Positive,0.5 to 1.0,
1312,11,18,16-05-2023,4,"Good  quality,  but  could  be  cheaper.",0.2382,Positive,0.01 to 0.49,
1313,2,2,30-06-2025,5,The  build  quality    is  impressive.,0.5106,Positive,0.5 to 1.0,
1314,63,2,17-03-2025,5,Amazing  value  for  the  price.,0.7351,Positive,0.5 to 1.0,
1315,85,14,28-05-2023,4,"I    love  this  product,  will  buy  again!",0.6696,Positive,0.5 to 1.0,
1316,40,20,24-05-2025,2,"The  product  is  okay,  but  the  instructions  were  unclear.",-0.2617,Negative,-0.49 to 0.0,Quality & Performance
1317,24,8,08-11-2025,1,The  product  arrived  late.,0,Negative,-1.0 to -0.5,Service & Logistics
1318,28,1,13-02-2024,3,"Average  experience,  nothing  special.",-0.3089,Mixed Negative,-0.49 to 0.0,Quality & Performance
1319,84,6,20-07-2024,1,Product  did  not  meet  my    expectations.,0,Negative,-1.0 to -0.5,Quality & Performance
1320,74,10,26-11-2024,1,I  had  a  bad  experience  with  this  product.,-0.5423,Negative,-1.0 to -0.5,Quality & Performance
1321,32,3,25-02-2025,2,The  product  arrived  late.,0,Negative,-1.0 to -0.5,Service & Logistics
1322,70,16,15-04-2024,1,Product  did  not  meet  my  expectations.,0,Negative,-1.0 to -0.5,Quality & Performance
1323,61,17,27-10-2025,1,Product  did    not  meet  my  expectations.,0,Negative,-1.0 to -0.5,Quality & Performance
1324,36,10,27-12-2025,4,Customer  support  was  very  helpful.,0.6997,Positive,0.5 to 1.0,
1325,66,12,07-08-2024,3,"I  love  this  product,  will  buy  again!",0.6696,Mixed Positive,0.5 to 1.0,
1326,69,4,09-06-2024,5,"Great  purchase,  very  satisfied.",0.8016,Positive,0.5 to 1.0,
1327,37,9,20-05-2025,2,"Average  experience,  nothing  special.",-0.3089,Negative,-0.49 to 0.0,Quality & Performance
1328,97,11,23-12-2025,4,Customer  support  was  very  helpful.,0.6997,Positive,0.5 to 1.0,
1329,45,19,03-01-2024,2,Not  worth  the  money.,-0.1695,Negative,-0.49 to 0.0,Pricing & Value
1330,24,12,31-05-2025,2,Not  worth  the  money.,-0.1695,Negative,-0.49 to 0.0,Pricing & Value
1331,88,5,02-06-2025,4,The  quality  is  top-notch.,0,Positive,-1.0 to -0.5,
1332,72,4,15-06-2024,5,Amazing  value  for  the    price.,0.7351,Positive,0.5 to 1.0,
1333,6,3,06-12-2023,3,"The  product  is  okay,  but  the  instructions  were  unclear.",-0.2617,Mixed Negative,-0.49 to 0.0,Quality & Performance
1334,39,11,03-04-2025,4,"I  love  this  product,  will  buy  again!",0.6696,Positive,0.5 to 1.0,
1335,43,15,06-03-2025,4,The  quality  is  top-notch.,0,Positive,-1.0 to -0.5,
1336,95,9,27-11-2023,1,"Not  satisfied,  the    product  broke  after  a  week.",-0.6288,Negative,-1.0 to -0.5,Quality & Performance
1337,89,4,09-10-2023,3,"Average  experience,  nothing  special.",-0.3089,Mixed Negative,-0.49 to 0.0,Quality & Performance
1338,44,13,01-02-2025,2,Disappointed  with  the  performance.,-0.4767,Negative,-0.49 to 0.0,Quality & Performance
1339,76,19,01-11-2024,5,The  quality  is  top-notch.,0,Positive,-1.0 to -0.5,
1340,62,7,10-07-2025,3,Not  worth    the  money.,-0.1695,Mixed Negative,-0.49 to 0.0,Pricing & Value
1341,64,7,21-06-2023,2,"Average  experience,  nothing    special.",-0.3089,Negative,-0.49 to 0.0,Quality & Performance
1342,91,1,03-06-2025,5,Customer  support  was  very  helpful.,0.6997,Positive,0.5 to 1.0,
1343,39,4,10-04-2025,5,The  build  quality  is  impressive.,0.5106,Positive,0.5 to 1.0,
1344,31,20,16-05-2025,5,The  quality  is  top-notch.,0,Positive,-1.0 to -0.5,
1345,55,18,14-10-2023,5,"Excellent  product,  highly  recommend!",0.7773,Positive,0.5 to 1.0,
1346,47,6,14-10-2024,2,The  product  arrived  late.,0,Negative,-1.0 to -0.5,Service & Logistics
1347,21,11,16-07-2025,4,Shipping  was  fast  and  the  item  was  well-packaged.,0,Positive,-1.0 to -0.5,
1348,45,19,14-02-2024,5,"I  love  this  product,  will  buy  again!",0.6696,Positive,0.5 to 1.0,
1349,22,10,11-04-2025,4,Five  stars  for  the  quick  delivery.,0,Positive,-1.0 to -0.5,
1350,69,9,01-02-2024,3,"The  product  is  okay,  but  the  instructions  were  unclear.",-0.2617,Mixed Negative,-0.49 to 0.0,Quality & Performance
1351,30,20,23-07-2023,1,"Not  satisfied,  the  product  broke    after  a  week.",-0.6288,Negative,-1.0 to -0.5,Quality & Performance
1352,50,14,25-06-2025,5,The  quality  is    top-notch.,0,Positive,-1.0 to -0.5,
1353,34,5,30-06-2024,5,The  quality  is  top-notch.,0,Positive,-1.0 to -0.5,
1354,53,8,08-05-2024,5,"Excellent    product,  highly  recommend!",0.7773,Positive,0.5 to 1.0,
1355,9,20,29-05-2025,5,Customer  support  was  very  helpful.,0.6997,Positive,0.5 to 1.0,
1356,14,15,18-04-2025,4,The  quality  is  top-notch.,0,Positive,-1.0 to -0.5,
1357,23,17,03-01-2024,1,"Terrible    customer  service,  would  not  buy  again.",-0.4767,Negative,-0.49 to 0.0,Service & Logistics
1358,90,10,16-01-2024,3,Not  worth    the  money.,-0.1695,Mixed Negative,-0.49 to 0.0,Pricing & Value
1359,28,4,25-05-2023,3,Not  worth  the  money.,-0.1695,Mixed Negative,-0.49 to 0.0,Pricing & Value
1360,58,12,13-11-2023,2,"Average    experience,  nothing  special.",-0.3089,Negative,-0.49 to 0.0,Quality & Performance
1361,96,15,07-03-2023,5,Customer  support  was  very  helpful.,0.6997,Positive,0.5 to 1.0,
1362,99,2,03-12-2025,1,Product  did  not  meet  my  expectations.,0,Negative,-1.0 to -0.5,Quality & Performance
1363,16,4,16-07-2024,2,The  product  arrived  late.,0,Negative,-1.0 to -0.5,Service & Logistics
